Ingredients,nutrition_api_id,alliumfree,almondfree,anticandida,autoimmune,beanfree,beeffree,chickenfree,citrusfree,coconutfree,cornfree,dairyfree,eggfree,elimination,fruitfree,glutenfree,grainfree,ketogenic,kosher,legumefree,lentilfree,lowfodmap,lowglycemic,lowhistamine,lowlectin,lowoxalate,lowsalicylate,lowsulfur,mediterranean,mushroomfree,nightshadefree,nutfree,oatfree,oilfree,onionfree,paleo,pescatarian,porkfree,ricefree,seafoodfree,soyfree,specificcarbohydrate,spicyfree,sugarfree,tomatofree,turkeyfree,unprocessed,vegan,vegetarian,wheatfree
Oats,6393,,,,n,,,,,,,,,,,,n,n,,,,,,,n,n,,n,,,,,n,,,n,,,,,,n,,,,,,,,
Unsweetened Coconut Flakes,74710,,,,,,,,,n,,,,,,,,,,,,n,,,,n,n,,,,,,,,,,,,,,,,,,,,,,,
Raw Honey,43419,,,n,,,,,,,,,,n,,,,n,,,,n,n,,,,n,,n,,,,,,,,,,,,,,,n,,,,n,,
Dried Unsweetened Cranberries,113868,,,n,,,,,,,,,,,n,,,n,,,,n,n,n,n,n,n,,,,,,,,,,,,,,,n,,,,,,,,
Popcorn Kernels,91145,,,n,n,,,,,,n,,,n,,,n,n,,,,n,,,n,n,n,n,n,,,,,,,n,,,,,,n,,,,,,,,
Almond Flour,120790,,n,,n,,,,,,,,,,,,,,,,,n,,n,,n,n,n,,,,n,,,,,,,,,,,,,,,,,,
Coconut Flour,74738,,,,,,,,,n,,,,,,,,,,,,n,,,,n,n,,,,,,,,,,,,,,,,,,,,,,,
Baking Soda,7529,,,,,,,,,,,,,,,,,,,,,,,,,,,,,,,,,,,,,,,,,,,,,,,,,
Pitted Dates,4215,,,n,,,,,,,,,,n,n,,,n,,,,n,n,n,n,n,n,,,,,,,,,,,,,,,,,,,,,,,
Raisins,654,,,n,,,,,,,,,,n,n,,,n,,,,n,n,n,n,,n,,,,,,,,,,,,,,,,,,,,,,,
Almond Butter,1077,,n,,n,,,,,,,,,,,,,,,,,n,,n,,n,n,n,,,,n,,,,,,,,,,,,,,,,,,
Maple Syrup,2150,,,n,,,,,,,,,,n,,,,n,,,,,n,,,,,n,n,,,,,,,,,,,,,n,,n,,,,,,
All Natural Peanut Butter,4959,,,n,n,,,,,,,,,n,,,,,,n,,,,n,n,n,n,n,,,,n,,,,n,,,,,,,,,,,,,,
Banana,6433,,,n,,,,,,,,,,n,n,,,n,,,,n,n,n,n,,,,,,,,,,,,,,,,,,,,,,,,,
Lemon,236,,,,,,,,n,,,,,,n,,,,,,,,,n,,,,,,,,,,,,,,,,,,,,,,,,,,
Avocado,4194,,,,,,,,,,,,,,,,,,,,,n,,n,,,n,,,,,,,,,,,,,,,,,,,,,,,
Lime,645,,,,,,,,n,,,,,,n,,,,,,,,,n,,,,,,,,,,,,,,,,,,,,,,,,,,
Apple,4177,,,n,,,,,,,,,,,n,,,n,,,,n,,,n,n,n,,,,,,,,,,,,,,,,,,,,,,,
Grapes,7171,,,n,,,,,,,,,,,n,,,n,,,,n,n,n,n,,n,,,,,,,,,,,,,,,,,,,,,,,
Blueberries,4200,,,n,,,,,,,,,,,n,,,n,,,,,,,,n,n,,,,,,,,,,,,,,,,,,,,,,,
Strawberries,251,,,n,,,,,,,,,,,n,,,n,,,,,,n,,,n,,,,,,,,,,,,,,,,,,,,,,,
Blackberries,6435,,,n,,,,,,,,,,,n,,,n,,,,n,,n,,n,n,,,,,,,,,,,,,,,,,,,,,,,
Pineapple,1613,,,n,,,,,,,,,,,n,,,n,,,,,n,n,n,n,n,n,,,,,,,,,,,,,,,,,,,,,,
Cantaloupe,1581,,,n,,,,,,,,,,,n,,,n,,,,n,n,,n,,n,,,,,,,,,,,,,,,,,,,,,,,
Seedless Watermelon,254,,,n,,,,,,,,,,,n,,,n,,,,n,n,,n,,n,,,,,,,,,,,,,,,,,,,,,,,
Navel Orange,2406,,,n,,,,,n,,,,,,n,,,n,,,,,,n,n,n,n,,,,,,,,,,,,,,,,,,,,,,,
Kiwi,642,,,n,,,,,,,,,,,n,,,n,,,,,,n,n,n,n,,,,,,,,,,,,,,,,,,,,,,,
Grapefruit,5522,,,n,,,,,n,,,,,,n,,,n,,,,n,,n,n,,n,,,,,,,,,,,,,,,,,,,,,,,
Peach,2417,,,n,,,,,,,,,,,n,,,n,,,,n,,,n,n,n,,,,,,,,,,,,,,,,,,,,,,,
Raspberries,244,,,n,,,,,,,,,,,n,,,n,,,,,,n,,n,n,,,,,,,,,,,,,,,,,,,,,,,
Garlic,1719,n,,,,,,,,,,,,,,,,,,,,n,,,,n,,n,,,,,,,,,,,,,,,,,,,,,,
Kale Leaves,910,,,,,,,,,,,,,,,,,,,,,,,,,n,,n,,,,,,,,,,,,,,,,,,,,,,
Radishes,1765,,,,,,,,,,,,,,,,,,,,,,,,,,n,n,,,,,,,,,,,,,,,,,,,,,,
Cherry Tomatoes,2946,,,,n,,,,,,,,,n,,,,,,,,n,,n,n,n,,,,,n,,,,,,,,,,,,,,n,,,,,
Sweet Potato,971,,,n,,,,,,,,,,,,,,n,,,,,,,,n,n,,,,,,,,,,,,,,,n,,,,,,,,
Leeks,1735,n,,,,,,,,,,,,,,,,,,,,n,,,,n,,n,,,,,,,,,,,,,,,,,,,,,,
Baby Spinach,951,,,,,,,,,,,,,,,,,,,,,,,n,,n,n,n,,,,,,,,,,,,,,,,,,,,,,
Thyme,5959,,,,,,,,,,,,,,,,,,,,,,,,,n,n,,,,,,,,,,,,,,,,,,,,,,,
Broccoli,2868,,,,,,,,,,,,,,,,,,,,,,,,,n,n,n,,,,,,,,,,,,,,,,,,,,,,
Yellow Onion,271893,n,,,,,,,,,,,,,,,,,,,,n,,,,n,,n,,,,,,,n,,,,,,,,,,,,,,,
Basil Leaves,4721,,,,,,,,,,,,,,,,,,,,,,,,,,n,,,,,,,,,,,,,,,,,,,,,,,
Arugula,1876,,,,,,,,,,,,,,,,,,,,,,,,,n,,n,,,,,,,,,,,,,,,,,,,,,,
Tomato,2991,,,,n,,,,,,,,,n,,,,,,,,n,,n,n,n,,,,,n,,,,,,,,,,,,,,n,,,,,
Red Onion,2489,n,,,,,,,,,,,,,,,,,,,,n,,,,n,,n,,,,,,,n,,,,,,,,,,,,,,,
Beet,1634,,,n,,,,,,,,,,,,,,n,,,,n,,,,n,n,,,,,,,,,,,,,,,,,,,,,,,
Cucumber,898,,,,,,,,,,,,,,,,,,,,,,,,n,,n,,,,,,,,,,,,,,,,,,,,,,,
Celery,2477,,,,,,,,,,,,,,,,,,,,,n,,,,n,,,,,,,,,,,,,,,,,,,,,,,,
Carrot,2882,,,,,,,,,,,,,,,,,,,,,,,,,n,n,,,,,,,,,,,,,,,,,,,,,,,
Yellow Bell Pepper,1872,,,,n,,,,,,,,,n,,,,,,,,n,,,n,n,n,,,,n,,,,,,,,,,,,,,,,,,,
Sweet Onion,2497,n,,,,,,,,,,,,,,,,,,,,n,,,,n,,n,,,,,,,n,,,,,,,,,,,,,,,
Ginger,1720,,,,,,,,,,,,,,,,,,,,,,,,,n,n,,,,,,,,,,,,,,,,,,,,,,,
Green Onion,2495,n,,,,,,,,,,,,,,,,,,,,,,,,n,,n,,,,,,,n,,,,,,,,,,,,,,,
Red Bell Pepper,2597,,,,n,,,,,,,,,n,,,,,,,,n,,,n,n,n,,,,n,,,,,,,,,,,,,,,,,,,
Thyme Sprigs,5959,,,,,,,,,,,,,,,,,,,,,,,,,n,n,,,,,,,,,,,,,,,,,,,,,,,
Mixed Greens,207777,,,,,,,,,,,,,,,,,,,,,,,,,n,n,n,,,,,,,,,,,,,,,,,,,,,,
Portobello Mushroom,1732,,,,,,,,,,,,,,,,,,,,,n,,n,,,n,,,n,,,,,,,,,,,,,,,,,,,,
Spaghetti Squash,961,,,,,,,,,,,,,,,,,n,,,,,,,n,n,,,,,,,,,,,,,,,,,,,,,,,,
Green Bell Pepper,2916,,,,n,,,,,,,,,n,,,,,,,,n,,,n,n,n,,,,n,,,,,,,,,,,,,,,,,,,
Mushrooms,1740,,,,,,,,,,,,,,,,,,,,,n,,n,,,n,,,n,,,,,,,,,,,,,,,,,,,,
Cauliflower,2475,,,,,,,,,,,,,,,,,,,,,n,,,,,,n,,,,,,,,,,,,,,,,,,,,,,
Zucchini,1780,,,,,,,,,,,,,,,,,,,,,n,,,n,n,n,,,,,,,,,,,,,,,,,,,,,,,
Brussels Sprouts,2872,,,,,,,,,,,,,,,,,,,,,n,,,,n,,n,,,,,,,,,,,,,,,,,,,,,,
Asparagus,878,,,,,,,,,,,,,,,,,,,,,n,,,,n,,n,,,,,,,,,,,,,,,,,,,,,,
Rhubarb,247,,,,,,,,,,,,,,,,,,,,,,,,,n,,,,,,,,,,,,,,,,,,,,,,,,
Parsley,2905,,,,,,,,,,,,,,,,,,,,,,,,,n,,,,,,,,,,,,,,,,,,,,,,,,
Mint Leaves,5963,,,,,,,,,,,,,,,,,,,,,,,,,,n,,,,,,,,,,,,,,,,,,,,,,,
Jalapeno Pepper,1065,,,,n,,,,,,,,,n,,,,,,,,,,,,n,n,,,,n,,,,,,,,,,,,n,,,,,,,
Eggplant,1717,,,,n,,,,,,,,,n,,,,,,,,,,n,,n,n,,,,n,,,,,,,,,,,,,,,,,,,
Green Beans,2450,,,,n,,,,,,,,,,,,,,,n,,,,,n,n,,n,,,,,,,,,,,,,,,,,,,,,,
Collard Greens,2895,,,,,,,,,,,,,,,,,,,,,,,,,n,,n,,,,,,,,,,,,,,,,,,,,,,
Chicken Breast,3566,,,,,,,n,,,,,,,,,,,,,,,,,,,,n,,,,,,,,,n,,,,,,,,,,,n,n,
Feta Cheese,5909,,,,n,,,,,,,n,,n,,,,,n,,,,,n,n,,,n,,,,,,,,n,,,,,,n,,,,,n,n,,
Bread,88,,,n,n,,,,,,,,,n,,n,n,n,,,,n,,,n,n,,n,,,,,,,,n,,,,,,n,,,,,n,,,n
Extra Lean Ground Turkey,5339,,,,,,,,,,,,,,,,,,,,,,,,,,,n,,,,,,,,,n,,,,,,,,,n,,n,n,
Salmon Fillet,6180,,,,,,,,,,,,,,,,,,,,,,,n,,,,,,,,,,,,,,,,n,,,,,,,,n,n,
Extra Lean Ground Chicken,3605,,,,,,,n,,,,,,,,,,,,,,,,,,,,n,,,,,,,,,n,,,,,,,,,,,n,n,
Shrimp,7668,,,,,,,,,,,,,,,,,,n,,,,,n,,,,n,,,,,,,,,,,,n,,,,,,,,n,n,
Tilapia Fillet,7665,,,,,,,,,,,,,,,,,,,,,,,,,,,n,,,,,,,,,,,,n,,,,,,,,n,n,
Cinnamon,3809,,,,,,,,,,,,,,,,,,,,,,,n,,,n,,,,,,,,,,,,,,,,,,,,,,,
Sea Salt & Black Pepper,3420,,,,n,,,,,,,,,,,,,,,,,,,,,n,n,,,,,,,,,,,,,,,,,,,,,,,
Almonds,3056,,n,,n,,,,,,,,,,,,,,,,,n,,n,,n,n,n,,,,n,,,,,,,,,,,,,,,,,,
Cumin,3412,,,,n,,,,,,,,,,,,,,,,,,,,,n,n,,,,,,,,,,,,,,,,,,,,,,,
Nutmeg,3815,,,,n,,,,,,,,,,,,,,,,,,,n,,,n,,,,,,,,,,,,,,,,,,,,,,,
Cayenne Pepper,3421,,,,n,,,,,,,,,n,,,,,,,,,,n,n,n,n,,,,n,,,,,,,,,,,,n,,,,,,,
Pecans,2671,,,,n,,,,,,,,,,,,,,,,,,,n,,n,,n,,,,n,,,,,,,,,,,,,,,,,,
Sunflower Seeds,3052,,,,n,,,,,,,,,,,,,,,,,,,,n,n,,,,,,,,,,,,,,,,n,,,,,,,,
Cashews,3060,,,n,n,,,,,,,,,,,,,,,,,n,,n,n,n,,n,,,,n,,,,,,,,,,,,,,,,,,
Sea Salt,42899,,,,,,,,,,,,,,,,,,,,,,,,,,,,,,,,,,,,,,,,,,,,,,,,,
Black Pepper,3420,,,,n,,,,,,,,,,,,,,,,,,,,,n,n,,,,,,,,,,,,,,,,,,,,,,,
Bay Leaf,,,,,,,,,,,,,,,,,,,,,,,,,,n,n,,,,,,,,,,,,,,,,,,,,,,,
Red Pepper Flakes,3421,,,,n,,,,,,,,,n,,,,,,,,,,n,n,n,n,,,,n,,,,,,,,,,,,n,,,,,,,
Pine Nuts,3080,,,,n,,,,,,,,,,,,,,,,,,,n,,n,n,n,,,,n,,,,,,,,,,,,,,,,,,
Chili Powder,3808,,,,n,,,,,,,,,n,,,,,,,,,,n,n,n,n,,,,n,,,,,,,,,,,,n,,,,,,,
Paprika,3818,,,,n,,,,,,,,,n,,,,,,,,,,,n,n,n,,,,n,,,,,,,,,,,,,,,,,,,
Slivered Almonds,92187,,n,,n,,,,,,,,,,,,,,,,,n,,n,,n,n,n,,,,n,,,,,,,,,,,,,,,,,,
Hemp Seeds,2637,,,,n,,,,,,,,,,,,,,,,,,,,,n,,,,,,,,,,,,,,,,n,,,,,,,,
Ground Flax Seed,74746,,,,n,,,,,,,,,,,,,,,,,,,,,n,,,,,,,,,,,,,,,,n,,,,,,,,
Curry Powder,3413,,,,n,,,,,,,,,,,,,,,,,,,n,,n,n,n,,,,,,,,,,,,,,,n,,,,,,,
Chia Seeds,323789,,,,n,,,,,,,,,,,,,,,,,,,,n,n,,,,,,,,,,,,,,,,n,,,,,,,,
Sesame Seeds,2639,,,,n,,,,,,,,,,,,,,,,,,,,,n,n,n,,,,,,,,,,,,,,n,,,,,,,,
Oregano,3817,,,,,,,,,,,,,,,,,,,,,,,,,,n,,,,,,,,,,,,,,,,,,,,,,,
Turmeric,4720,,,,,,,,,,,,,,,,,,,,,,,,,n,n,,,,,,,,,,,,,,,,,,,,,,,
Walnuts,26496,,,,n,,,,,,,,,,,,,,,,,,,n,,n,n,n,,,,n,,,,,,,,,,,,,,,,,,
Pumpkin Seeds,3045,,,,n,,,,,,,,,,,,,,,,,,,n,n,n,n,,,,,,,,,,,,,,,n,,,,,,,,
Clean Trail Mix,50,,,n,n,,,,,,,,,n,,,,n,,,,n,n,n,n,n,n,n,,,,n,,,,,,,,,,n,,,,,,,,
Extra Virgin Olive Oil,3902,,,,,,,,,,,,,,,,,,,,,,,,,,n,,,,,,,n,,,,,,,,,,,,,,,,
Dijon Mustard,39046,,,,n,,,,,,,,,,,,,,,,,,,n,,,n,n,,,,,,,,,,,,,,,,,,,,,,
Coconut Oil,3901,,,,,,,,,n,,,,,,,,,,,,,,,,,n,n,n,,,,,n,,,,,,,,,,,,,,,,
Yellow Mustard,39043,,,,n,,,,,,,,,,,,,,,,,,,n,,,n,n,,,,,,,,,,,,,,,,,,,,,,
Tamari,6767,,,,n,n,,,,,,,,n,,,,,,n,,,,n,n,n,,n,,,,,,,,n,,,,,n,n,,,,,n,,,
Apple Cider Vinegar,5958,,,,,,,,,,,,,,n,,,,,,,,,n,,,n,n,,,,,,,,,,,,,,,,,,,,,,
Balsamic Vinegar,4730,,,n,,,,,,,,,,,,,,,,,,n,,n,,,n,n,,,,,,,,,,,,,,n,,,,,,,,
Tahini,2678,,,,n,,,,,,,,,,,,,,,,,,,,,n,n,n,,,,,,,,,,,,,,n,,,,,,,,
Green Olives,1583,,,,,,,,,,,,,,,,,,,,,,,n,,n,n,n,,,,,,,,,,,,,,,,,,,,,,
Egg,3776,,,,n,,,,,,,,n,n,,,,,,,,,,n,,,,n,,,,,,,,,,,,,,,,,,,,n,,
Unsweetened Almond Milk,87203,,n,,n,,,,,,,,,,,,,,,,,,,n,,n,n,n,,,,n,,,,,,,,,,,,,,,,,,
Brown Rice Tortilla,124673,,,,n,,,,,,,,,,,,n,n,,,,,n,,n,n,,n,,,,,,,,n,,,n,,,n,,,,,n,,,
Frozen Mango,2399,,,n,,,,,,,,,,,n,,,n,,,,n,n,,n,,,,,,,,,,,,,,,,,,,,,,,,,
Frozen Banana,6433,,,n,,,,,,,,,,n,n,,,n,,,,n,n,n,n,,,,,,,,,,,,,,,,,,,,,,,,,
Frozen Strawberries,662,,,n,,,,,,,,,,,n,,,n,,,,,,n,,n,n,,,,,,,,,,,,,,,,,,,,,,,
Frozen Peas,2506,,,n,n,,,,,,,,,,,,,n,,n,,,,,n,,,n,,,,,,,,n,,,,,,,,,,,,,,
Vegetable Broth,4072,n,,,,,,,,,,,,,,,,,,,,,,n,,n,,,,,,,,,n,,,,,,,,,,n,,,,,
Canned Coconut Milk,276520,,,,,,,,,n,,,,,,,,,,,,,,,,n,n,,,,,,,,,,,,,,,,,,,,,,,
Brown Rice Spaghetti,45473,,,,n,,,,,,,,,,,,n,n,,,,,n,,n,n,,n,,,,,,,,n,,,n,,,n,,,,,n,,,
Tuna,6198,,,,,,,,,,,,,,,,,,,,,,,n,,,,n,,,,,,,,,,,,n,,,,,,,,n,n,
Quinoa,1363,,,,n,,,,,,,,,,,,n,n,,,,,,,n,n,,n,,,,,,,,n,,,,,,n,,,,,,,,
Black Beans,6224,,,,n,n,,,,,,,,,,,,n,,n,,n,,,n,n,,n,,,,,,,,n,,,,,,n,,,,,,,,
Brown Rice Penne,57004,,,,n,,,,,,,,,,,,n,n,,,,,n,,n,n,,n,,,,,,,,n,,,n,,,n,,,,,n,,,
Chickpeas,6246,,,,n,n,,,,,,,,,,,,n,,n,,n,,n,n,n,,n,,,,,,,,n,,,,,,n,,,,,,,,
Green Lentils,4910,,,,n,,,,,,,,,,,,,n,,n,n,n,,n,n,n,,n,,,,,,,,n,,,,,,,,,,,,,,
Popcorn,2736,,,n,n,,,,,,n,,,n,,,n,n,,,,,,,n,n,n,n,n,,,,,,,n,,,,,,n,,,,,,,,
Salsa,7013,n,,,n,,,,n,,,,,n,,,,,,,,n,,n,n,n,n,,,,n,,,,n,,,,,,,n,n,,n,,,,,
White Navy Beans,6235,,,,n,n,,,,,,,,,,,,n,,n,,n,,n,n,n,,n,,,,,,,,n,,,,,,n,,,,,,,,
Brown Rice Fusilli,57004,,,,n,,,,,,,,,,,,n,n,,,,,n,,n,n,,n,,,,,,,,n,,,n,,,n,,,,,n,,,
Protein Powder,5669,,,,,,,,,,,,,,,,,,,,,,,,n,n,,,n,,,,,,,,,,,,,n,,,,,n,,,
Nori Sheets,66967,,,,,,,,,,,,,,,,,,,,,,,,,n,,,,,,,,,,,,,,,,n,,,,,,,,
Barbecue Skewers,,,,,,,,,,,,,,,,,,,,,,,,,,,,,,,,,,,,,,,,,,,,,,,,,,
Portobello Mushroom Caps,143507,,,,,,,,,,,,,,,,,,,,,n,,n,,,n,,,n,,,,,,,,,,,,,,,,,,,,
Goat Cheese,40698,,,n,n,,,,,,,n,,n,,,,,n,,,,,n,,,,n,,,,,,,,n,,,,,,n,,,,,n,n,,
Cocoa Powder,2082,,,,n,,,,,,,,,n,,,,,,,,,,n,,n,,n,,,,,,,,,,,,,,n,,,,,n,,,
Pear,1607,,,n,,,,,,,,,,,n,,,n,,,,n,,n,n,n,n,,,,,,,,,,,,,,,,,,,,,,,
Clementines,684,,,n,,,,,n,,,,,,n,,,n,,,,,,n,n,n,n,,,,,,,,,,,,,,,,,,,,,,,
Rosemary,5962,,,,,,,,,,,,,,,,,,,,,,,,,n,n,,,,,,,,,,,,,,,,,,,,,,,
White Onion,2489,n,,,,,,,,,,,,,,,,,,,,n,,,,n,,n,,,,,,,n,,,,,,,,,,,,,,,
Snap Peas,2450,,,,n,,,,,,,,,,,,,n,,n,,,,,n,,,n,,,,,,,,,,,,,,,,,,,,,,
Purple Cabbage,2466,,,,,,,,,,,,,,,,,,,,,,,,,,,n,,,,,,,,,,,,,,,,,,,,,,
Black Olives,1583,,,,,,,,,,,,,,,,,,,,,,,n,,n,n,n,,,,,,,,,,,,,,,,,,,,,,
Frozen Berries,58807,,,n,,,,,,,,,,,n,,,n,,,,n,,n,,n,n,,,,,,,,,,,,,,,,,,,,,,,
Diced Tomatoes,39117,,,,n,,,,,,,,,n,,,,,,,,,,n,n,n,n,,,,n,,,,,,,,,,,n,,,n,,,,,
Red Kidney Beans,6232,,,,n,n,,,,,,,,,,,,n,,n,,n,,n,n,n,,n,,,,,,,,n,,,,,,n,,,,,,,,
Beef Tenderloin,2036,,,n,,,n,,,,,,,n,,,,,,,,,,,,,,n,n,,,,,,,,n,,,,,,,,,,,n,n,
Sesame Oil,3505,,,,n,,,,,,,,,,,,,,,,,,,,,,n,n,n,,,,,n,,,,,,,,,,,,,,,,
Brown Rice,2192,,,,n,,,,,,,,,,,,n,n,,,,,,,n,n,,n,,,,,,,,n,,,n,,,n,,,,,,,,
Nutritional Yeast,264237,,,,,,,,,,,,,,,,,,,,,,,n,,n,n,n,,,,,,,,,,,,,,n,,,,,,,,
Butternut Squash,1784,,,n,,,,,,,,,,,,,,n,,,,n,,,n,n,,,,,,,,,,,,,,,,,,,,,,,,
Garlic Powder,3814,n,,,,,,,,,,,,,,,,,,,,n,,,,n,,n,,,,,,,,,,,,,,,,,,,,,,
Onion Powder,3816,n,,,,,,,,,,,,,,,,,,,,n,,,,n,,n,,,,,,,n,,,,,,,,,,,,,,,
Brown Rice Macaroni,57004,,,,n,,,,,,,,,,,,n,n,,,,,n,,n,n,,n,,,,,,,,n,,,n,,,n,,,,,n,,,
Dark Chocolate,2762,,,n,n,,,,,,,,,n,,,,n,,,,,,n,,n,,n,,,,,,,,,,,,,,n,,n,,,n,,,
Pomegranate Seeds,157943,,,n,,,,,,,,,,,n,,,n,,,,,,,n,n,,,,,,,,,,,,,,,,,,,,,,,,
Steel Cut Oats,44735,,,,n,,,,,,,,,,,,n,n,,,,,,,n,n,,n,,,,,n,,,n,,,,,,n,,,,,,,,
Turnip,2954,,,,,,,,,,,,,,,,,,,,,,,,,n,,n,,,,,,,,,,,,,,n,,,,,,,,
Parsnip,2498,,,,,,,,,,,,,,,,,n,,,,,,,,n,n,n,,,,,,,,,,,,,,n,,,,,,,,
Hummus,6778,n,,,n,,,,n,,,,,,,,,n,,n,,n,,n,n,n,,n,,,,,,,,n,,,,,,n,,,,,,,,
Sunflower Seed Butter,2644,,,,n,,,,,,,,,,,,,,,,,,,,n,n,,,,,,,,,,,,,,,,n,,,,,,,,
Frozen Cherries,4207,,,n,,,,,,,,,,,n,,,n,,,,n,,n,,,n,,,,,,,,,,,,,,,,,,,,,,,
Frozen Corn,888,,,n,n,,,,,,n,,,n,,,n,n,,,,n,,,n,n,n,n,,,,,,,,n,,,,,,n,,,,,,,,
Crushed Tomatoes,2990,,,,n,,,,,,,,,n,,,,,,,,,,n,n,n,n,,,,n,,,,,,,,,,,n,,,n,,,,,
Dried Basil,3806,,,,,,,,,,,,,,,,,,,,,,,,,,n,,,,,,,,,,,,,,,,,,,,,,,
Mango,2399,,,n,,,,,,,,,,,n,,,n,,,,n,n,,n,,,,,,,,,,,,,,,,,,,,,,,,,
Bok Choy,2879,,,,,,,,,,,,,,,,,,,,,,,,,n,,n,,,,,,,,,,,,,,,,,,,,,,
Fresh Dill,4722,,,,,,,,,,,,,,,,,,,,,,,,,,n,,,,,,,,,,,,,,,,,,,,,,,
Whole Chicken Carcass,,,,,,,,n,,,,,,,,,,,,,,,,,,,,,,,,,,,,,n,,,,,,,,,,,n,n,
Whole Roasting Chicken,6125,,,,,,,n,,,,,,,,,,,,,,,,,,,,,,,,,,,,,n,,,,,,,,,,,n,n,
Dried Thyme,3427,,,,,,,,,,,,,,,,,,,,,,,,,n,n,,,,,,,,,,,,,,,,,,,,,,,
Italian Seasoning,145531,,,,,,,,,,,,,,,,,,,,,,,n,,n,n,,,,,,,,,,,,,,,,,,,,,,,
Frozen Edamame,900,,,,n,n,,,,,,,,n,,,,,,n,,,,n,n,n,,n,,,,,,,,n,,,,,n,n,,,,,,,,
Cilantro,2486,,,,,,,,,,,,,,,,,,,,,,,,,n,,n,,,,,,,,,,,,,,,,,,,,,,
Romaine,1736,,,,,,,,,,,,,,,,,,,,,,,,,n,n,,,,,,,,,,,,,,,,,,,,,,,
Tabasco Sauce,7017,,,n,n,,,,,,,,,n,,,,,,,,,,n,n,n,n,n,,,n,,,,,,,,,,,n,n,,,,n,,,
Bacon,766,,,n,,,,,,,,,,,,,,,n,,,,,n,,,,n,n,,,,,,,,n,n,,,,,,,,,n,n,n,
Parmigiano Reggiano,114871,,,n,n,,,,,,,n,,n,,,,,n,,,n,,n,n,,,n,,,,,,,,n,,,,,,,,,,,n,n,,
Matchstick Carrots,79135,,,,,,,,,,,,,,,,,,,,,,,,,n,n,,,,,,,,,,,,,,,,,,,,,,,
Broccolini,1893,,,,,,,,,,,,,,,,,,,,,n,,,,n,n,n,,,,,,,,,,,,,,,,,,,,,,
Poppy Seeds,56208,,,,n,,,,,,,,,,,,,,,,,,,,,n,,,,,,,,,,,,,,,,,,,,,,,,
Red Wine Vinegar,4729,,,n,,,,,,,,,,,,,,,n,,,,,n,,,n,n,,,,,,,,,,,,,,,,,,,,,,
Pitted Kalamata Olives,1583,,,,,,,,,,,,,,,,,,,,,,,n,,n,n,n,,,,,,,,,,,,,,,,,,,,,,
Brown Rice Vermicelli Noodles,49914,,,,n,,,,,,,,,,,,n,n,,,,,n,,n,n,,n,,,,,,,,n,,,n,,,n,,,,,n,,,
Cacao Powder,167623,,,,n,,,,,,,,,n,,,,,,,,,,n,,n,,n,,,,,,,,,,,,,,n,,,,,,,,
Dark Chocolate Chips,76337,,,n,n,,,,,,,,,n,,,,n,,,,,,n,n,n,,n,,,,,,,,,,,,,,n,,n,,,n,,,
Fancy Molasses,1309,,,n,,,,,,,,,,n,,,,n,,,,n,n,,n,n,n,n,,,,,,,,,,,,,,n,,n,,,n,,,
Coleslaw Mix,110684,,,,,,,,,,,,,,,,,,,,,n,,,,n,n,n,,,,,,,,,,,,,,,,,,,,,,
Pistachios,2673,,,n,n,,,,,,,,,,,,,,,,,n,,n,,n,n,n,,,,n,,,,,,,,,,,,,,,,,,
Green Tea Powder,298033,,,,,,,,,,,,,,,,,,,,,,,n,,,n,n,,,,,,,,,,,,,,,,,,,,,,
Rice Paper Wraps,116897,,,n,n,,,,,,,,,,,,n,n,,,,,n,,n,,,n,,,,,,,,n,,,n,,,n,,,,,n,,,
Artichoke Hearts,123872,,,,,,,,,,,,,,,,,,,,,n,,,,n,n,,,,,,,,,,,,,,,,,,,,,,,
Green Lettuce,1738,,,,,,,,,,,,,,,,,,,,,,,,,n,n,,,,,,,,,,,,,,,,,,,,,,,
Prosciutto,39528,,,n,,,,,,,,,,,,,,,n,,,,,n,,,,n,n,,,,,,,,n,n,,,,n,,,,,n,n,n,
Unsweetened Applesauce,4184,,,n,,,,,,,,,,,n,,,n,,,,n,,,n,n,n,,,,,,,,,,,,,,,,,,,,,,,
Vanilla Extract,5960,,,,,,,,,,,,,,,,,,,,,,,,,,n,,,,,,,,,,,,,,,,,,,,,,,
Strawberry Chia Jam,,,,,n,,,,,,,,,n,n,,,n,,,,n,,n,n,n,n,,,,,,,,,,,,,,,n,,n,,,,,,
Fresh Peas,2908,,,,n,,,,,,,,,,,,,n,,n,,n,,,n,,,n,,,,,,,,n,,,,,,,,,,,,,,
Black Peppercorns,61929,,,,n,,,,,,,,,,,,,,,,,,,,,n,n,,,,,,,,,,,,,,,,,,,,,,,
Raw Peanuts,4919,,,n,n,,,,,,,,,n,,,,,,n,,,,n,n,n,n,n,,,,n,,,,n,,,,,,,,,,,,,,
Romaine Hearts,1736,,,,,,,,,,,,,,,,,,,,,,,,,n,n,,,,,,,,,,,,,,,,,,,,,,,
Alfalfa Sprouts,873,,,,,,,,,,,,,,,,,,,n,,,,,,n,,n,,,,,,,,,,,,,,n,,,,,,,,
Halibut Fillet,6689,,,,,,,,,,,,,,,,,,,,,,,,,,,n,,,,,,,,,,,,n,,,,,,,,n,n,
Water,6647,,,,,,,,,,,,,,,,,,,,,,,,,,,,,,,,,,,,,,,,,,,,,,,,,
Ice Cubes,,,,,,,,,,,,,,,,,,,,,,,,,,,,,,,,,,,,,,,,,,,,,,,,,,
Green Tea,4406,,,,,,,,,,,,,,,,,,,,,,,n,,,n,n,,,,,,,,,,,,,,,,,,,,,,
Coffee,4379,,,,n,,,,,,,,,n,,,,,,,,,,,,n,n,n,,,,,,,,,,,,,,,,,,,,,,
Cherries,4208,,,n,,,,,,,,,,,n,,,n,,,,n,,n,,,n,,,,,,,,,,,,,,,,,,,,,,,
Plum,2438,,,n,,,,,,,,,,,n,,,n,,,,n,,n,n,n,n,,,,,,,,,,,,,,,,,,,,,,,
"Cream, Half & Half",3744,,,n,n,,,,,,,n,,n,,,,,n,,,n,,,n,,,n,,,,,,,,n,,,,,,n,,,,,n,n,,
Sparkling Water,6647,,,,,,,,,,,,,,,,,,,,,,,,,,,n,,,,,,,,,,,,,,,,,,,,,,
Nectarine,2403,,,n,,,,,,,,,,,n,,,n,,,,n,,n,n,,n,,,,,,,,,,,,,,,,,,,,,,,
Corn on the Cob,121174,,,n,n,,,,,,n,,,n,,,n,n,,,,n,,,n,n,n,n,,,,,,,,n,,,,,,n,,,,,,,,
Macadamia Nut Butter,79215,,,,n,,,,,,,,,,,,,,,,,,,n,,n,n,,,,,n,,,,,,,,,,,,,,,,,,
Sun Dried Tomatoes,1056,,,,n,,,,,,,,,n,,,,,,,,n,,n,n,n,n,,,,n,,,,,,,,,,,n,,,n,,,,,
Acai Powder,73763,,,,,,,,,,,,,,n,,,,,,,,,n,n,n,,,,,,,,,,,,,,,,,,,,,,,,
Frozen Blueberries,6439,,,n,,,,,,,,,,,n,,,n,,,,,,,,n,n,,,,,,,,,,,,,,,,,,,,,,,
Small Bocconcini,109738,,,n,n,,,,,,,n,,n,,,,,n,,,n,,n,n,,,n,,,,,,,,n,,,,,,n,,,,,n,n,,
Endive,901,,,,,,,,,,,,,,,,,,,,,,,,,,n,,,,,,,,,,,,,,,,,,,,,,,
Fig,5510,,,n,,,,,,,,,,,n,,,n,,,,n,n,,n,n,,,,,,,,,,,,,,,,,,,,,,,,
Chicken Thighs,6116,,,,,,,n,,,,,,,,,,,,,,,,,,,,,,,,,,,,,n,,,,,,,,,,,n,n,
Pureed Pumpkin,939,,,n,,,,,,,,,,,,,,n,,,,,,n,n,n,,,,,,,,,,,,,,,,n,,,,,,,,
Baking Powder,5292,,,,,,,,,,,,,,,,,,n,,,,,,,,,,,,,,,,,,,,,,,n,,,,,,,,
French Shallot,2988,n,,,,,,,,,,,,,,,,,,,,n,,,,n,,n,,,,,,,n,,,,,,,,,,,,,,,
Turkey Breast,7004,,,,,,,,,,,,,,,,,,,,,,,,,,,n,,,,,,,,,n,,,,,,,,,n,,n,n,
Frozen Cranberries,4211,,,n,,,,,,,,,,,n,,,,,,,,,n,,n,n,,,,,,,,,,,,,,,,,,,,,,,
Twine,,,,,,,,,,,,,,,,,,,,,,,,,,,,,,,,,,,,,,,,,,,,,,,,,,
Oat Flour,50064,,,n,n,,,,,,,,,,,,n,n,,,,,,,n,n,,n,,,,,n,,,n,,,,,,n,,,,,,,,
Arrowroot Powder,74742,,,,,,,,,,,,,,,,,,,,,,,,,n,,,,,,,,,,,,,,,,n,,,,,,,,
Pumpkin Pie Spice,3821,,,,n,,,,,,,,,,,,,,,,,,,n,,n,n,,,,,,,,,,,,,,,n,,,,,,,,
Coconut Ice Cream,261931,,,n,,,,,,n,,,,n,,,,n,,,,n,n,,,n,n,n,n,,,,,,,,,,,,,n,,n,,,n,,,
Acorn Squash,961,,,n,,,,,,,,,,,,,,n,,,,,,,n,n,,,,,,,,,,,,,,,,,,,,,,,,
Chicken Sausage,7094,n,,n,,,,n,,,,,,,,,,,,,,,,n,,,,n,n,,,,,,n,,n,,,,,n,,,,,n,n,n,
Ground Ginger,3415,,,,,,,,,,,,,,,,,,,,,,,,,n,n,,,,,,,,,,,,,,,,,,,,,,,
Ground Sage,3424,,,,,,,,,,,,,,,,,,,,,,,,,,n,,,,,,,,,,,,,,,,,,,,,,,
Garam Masala,71939,,,,,,,,,,,,,,,,,,,,,,,n,,n,n,n,,,,,,,,,,,,,,,,,,,,,,
Capers,4727,,,,,,,,,,,,,,,,,,,,,,,n,,n,,n,,,,,,,,,,,,,,,,,,,n,,,
Tomato Paste,2948,,,,n,,,,,,,,,n,,,,,,,,,,n,n,n,n,,,,n,,,,,,,,,,,n,,,n,,,,,
Dry Red Lentils,261441,,,,n,,,,,,,,,,,,,n,,n,n,n,,n,n,n,,n,,,,,,,,n,,,,,,,,,,,,,,
Shiitake Mushrooms,926,,,,,,,,,,,,,,,,,,,,,n,,n,,,n,,,n,,,,,,,,,,,,,,,,,,,,
Chicken Broth,7025,n,,,,,,n,,,,,,,,,,,,,,,,n,,n,,,,,,,,,n,,n,,,,,,,,,,,n,n,
Ground Cloves,3810,,,,n,,,,,,,,,,,,,,,,,,,n,,n,n,,,,,,,,,,,,,,,,n,,,,,,,
Canned Whole Tomatoes,39131,,,,n,,,,,,,,,n,,,,,,,,,,n,n,n,n,,,,n,,,,,,,,,,,n,,,n,,n,,,
Lentils,4910,,,,n,,,,,,,,,,,,,n,,n,n,n,,n,n,n,,n,,,,,,,,n,,,,,,,,,,,,,,
Green Cabbage,2464,,,,,,,,,,,,,,,,,,,,,n,,,,,,n,,,,,,,,,,,,,,,,,,,,,,
Cinnamon Stick,178355,,,,,,,,,,,,,,,,,,,,,,,n,,,n,,,,,,,,,,,,,,,,,,,,,,,
Corn,2488,,,n,n,,,,,,n,,,n,,,n,n,,,,n,,,n,n,n,n,,,,,,,,n,,,,,,n,,,,,,,,
Mini Peppers,123537,,,,n,,,,,,,,,n,,,,,,,,n,,,n,n,n,,,,n,,,,,,,,,,,,,,,,,,,
Refried Beans,4927,n,,,n,n,,,,,,,,,,,,n,,n,,n,,n,n,n,,n,,,,,,,n,n,,,,,,n,,,,,n,,,
Pork Tenderloin,738,,,n,,,,,,,,,,,,,,,n,,,,,,,,,n,n,,,,,,,,n,n,,,,,,,,,,n,n,
Cod Fillet,4444,,,,,,,,,,,,,,,,,,,,,,,,,,,n,,,,,,,,,,,,n,,,,,,,,n,n,
Swiss Chard,2480,,,,,,,,,,,,,,,,,,,,,,,,,n,,n,,,,,,,,,,,,,,,,,,,,,,
Sauerkraut,1768,,,,,,,,,,,,,,,,,,,,,n,,n,,,,n,,,,,,,,,,,,,,,,,,,,,,
Kimchi,2881,,,,n,,,,,,,,,n,,,,,,,,n,,n,n,n,n,n,,,n,,,,,,,,,,,,n,,,,,,,
Chives,2483,n,,,,,,,,,,,,,,,,,,,,,,,,,,n,,,,,,,n,,,,,,,,,,,,,,,
Top Sirloin Beef Roast,5541,,,n,,,n,,,,,,,n,,,,,,,,,,,,,,n,n,,,,,,,,n,,,,,,,,,,,n,n,
Rice Puffs Cereal,6401,,,n,n,,,,,,,,,,,,n,n,,,,,n,,n,,,n,,,,,,,,n,,,n,,,n,,,,,n,,,
Brie Cheese,4666,,,n,n,,,,,,,n,,n,,,,,n,,,,,n,n,,,n,,,,,,,,n,,,,,,,,,,,n,n,,
Boston Lettuce,918,,,,,,,,,,,,,,,,,,,,,,,,,n,n,,,,,,,,,,,,,,,,,,,,,,,
Haddock Fillet,4453,,,,,,,,,,,,,,,,,,,,,,,,,,,n,,,,,,,,,,,,n,,,,,,,,n,n,
Frozen Raspberries,698,,,n,,,,,,,,,,,n,,,n,,,,,,n,,n,n,,,,,,,,,,,,,,,,,,,,,,,
Ground Mustard,3418,,,,n,,,,,,,,,,,,,,,,,,,,,,n,n,,,,,,,,,,,,,,,,,,,,,,
Barbecue Sauce,7012,n,,n,n,,,,,,,,,n,,,,n,,,,,n,n,n,n,n,n,n,,n,,,,n,n,,,,,,n,,n,n,,n,,,
Cedar Plank,,,,,,,,,,,,,,,,,,,,,,,,,,,,,,,,,,,,,,,,,,,,,,,,,,
Mozzarella Ball,3334,,,n,n,,,,,,,n,,n,,,,,n,,,,,n,n,,,n,,,,,,,,n,,,,,,n,,,,,n,n,,
Pork Ribs,731,,,n,,,,,,,,,,,,,,,n,,,,,,,,,n,n,,,,,,,,n,n,,,,,,,,,,n,n,
Chicken Drumsticks,4862,,,,,,,n,,,,,,,,,,,,,,,,,,,,,,,,,,,,,n,,,,,,,,,,,n,n,
Gelatin,166679,,,,,,n,,,,,,,,,,,,n,,,,,,,,,n,n,,,,,,,,n,,,,,,,,,,n,n,n,
NY Striploin Steak,7223,,,n,,,n,,,,,,,n,,,,,,,,,,,,,,n,n,,,,,,,,n,,,,,,,,,,,n,n,
Popsicle Sticks,,,,,,,,,,,,,,,,,,,,,,,,,,,,,,,,,,,,,,,,,,,,,,,,,,
Vanilla Protein Powder,5669,,,,n,,,,,,,,,,,,,,,,,,,,n,n,n,,n,,,,,,,,,,,,,n,,,,,n,,,
Baby Carrots,126144,,,,,,,,,,,,,,,,,,,,,,,,,n,n,,,,,,,,,,,,,,,,,,,,,,,
Delicata Squash,961,,,n,,,,,,,,,,,,,,n,,,,,,,n,n,,,,,,,,,,,,,,,,,,,,,,,,
Fennel,1874,,,,,,,,,,,,,,,,,,,,,,,,,n,,,,,,,,,,,,,,,,,,,,,,,,
Heirloom Carrots,2882,,,,,,,,,,,,,,,,,,,,,,,,,n,n,,,,,,,,,,,,,,,,,,,,,,,
Grain-Free Flax Bread,,,,,n,,,,,n,,,,n,,,,,,,,,,n,,n,n,n,,,,,,,,,,,,,,n,,,,,,,,
Brown Rice Flour,1387,,,,n,,,,,,,,,,,,n,n,,,,,n,,n,n,,n,,,,,,,,n,,,n,,,n,,,,,,,,
Stevia Powder,53161,,,,,,,,,,,,,,,,,,,,,,,n,,n,,,n,,,,,,,,,,,,,n,,,,,,,,
Mini Potatoes,2515,,,n,n,,,,,,,,,n,,,,n,,,,,n,,n,n,n,,,,n,,,,,,,,,,,n,,,,,,,,
Extra Lean Ground Beef,6519,,,n,,,n,,,,,,,n,,,,,,,,,,,,,,n,n,,,,,,,,n,,,,,,,,,,,n,n,
Plantain,1619,,,n,,,,,,,,,,,n,,,n,,,,,,,n,n,,,,,,,,,,,,,,,,n,,,,,,,,
Rapini,2870,,,,,,,,,,,,,,,,,,,,,n,,,,n,n,n,,,,,,,,,,,,,,,,,,,,,,
Cardamom Seeds,63290,,,,n,,,,,,,,,,,,,,,,,,,,,n,n,,,,,,,,,,,,,,,,,,,,,,,
Whole Cloves,63317,,,,n,,,,,,,,,,,,,,,,,,,n,,n,n,,,,,,,,,,,,,,,,n,,,,,,,
Chocolate Protein Powder,5669,,,,n,,,,,,,,,,,,,,,,,,,n,n,n,,,n,,,,,,,,,,,,,n,,,,,n,,,
Dried Unsweetened Mango,145119,,,n,,,,,,,,,,n,n,,,n,,,,n,n,n,n,,n,,,,,,,,,,,,,,,n,,,,,,,,
Brazil Nuts,3058,,,,n,,,,,,,,,,,,,,,,,,,n,,n,n,n,,,,n,,,,,,,,,,,,,,,,,,
Rainbow Trout Fillet,7643,,,,,,,,,,,,,,,,,,,,,,,n,,,,n,,,,,,,,,,,,n,,,,,,,,n,n,
Ghee,265180,,,,n,,,,,,,n,,n,,,,,n,,,,,,,,,,n,,,,,n,,,,,,,,,,,,,,n,,
Smoked Salmon,6176,,,,,,,,,,,,,,,,,,,,,,,n,,,,,,,,,,,,,,,,n,,n,,,,,n,n,n,
Macadamia Nuts,2667,,,,n,,,,,,,,,,,,,,,,,,,n,,n,n,,,,,n,,,,,,,,,,,,,,,,,,
Assorted Olives,1583,,,,,,,,,,,,,,,,,,,,,,,n,,n,n,n,,,,,,,,,,,,,,,,,,,,,,
Lamb Shoulder Chop,6939,,,n,,,,,,,,,,n,,,,,,,,,,,,,,n,n,,,,,,,,n,,,,,,,,,,,n,n,
Dried Rosemary,3822,,,,,,,,,,,,,,,,,,,,,,,,,n,n,,,,,,,,,,,,,,,,,,,,,,,
Dulse,216456,,,,,,,,,,,,,,,,,,,,,,,,,n,,,,,,,,,,,,,,,,n,,,,,,,,
Thai Chili,2595,,,,n,,,,,,,,,n,,,,,,,,,,n,n,n,n,,,,n,,,,,,,,,,,,n,,,,,,,
Cajun Spice,80997,n,,,n,,,,,,,,,n,,,,,,,,,,n,n,n,n,n,,,n,,,,n,,,,,,,n,n,,,,,,,
Frozen Green Beans,2452,,,,n,,,,,,,,,,,,,,,n,,,,,n,n,,n,,,,,,,,,,,,,,,,,,,,,,
Jasmine Rice,211193,,,n,n,,,,,,,,,,,,n,n,,,,,n,,n,,,,,,,,,,,n,,,n,,,n,,,,,n,,,
Tofu,6779,,,,n,n,,,,,,,,n,,,,,,n,,,,n,n,n,,n,,,,,,,,n,,,,,n,n,,,,,n,,,
Avocado Oil,6062,,,,,,,,,,,,,,,,,,,,,,,n,,,n,,n,,,,,n,,,,,,,,,,,,,,,,
Yellow Split Peas,4917,,,,n,,,,,,,,,,,,,n,,n,,n,,,n,n,,n,,,,,,,,n,,,,,,,,,,,,,,
Stewing Beef,3299,,,n,,,n,,,,,,,n,,,,,,,,,,,,,,n,n,,,,,,,,n,,,,,,,,,,,n,n,
Coriander,3411,,,,n,,,,,,,,,,,,,,,,,,,,,n,,n,,,,,,,,,,,,,,,,,,,,,,
Beef Broth,5378,n,,,,,n,,,,,,,,,,,,,,,,,n,,n,,n,n,,,,,,n,,n,,,,,,,,,,,n,n,
Green Apple,692,,,n,,,,,,,,,,,n,,,n,,,,n,,,n,n,n,,,,,,,,,,,,,,,,,,,,,,,
Swiss Cheese,3740,,,n,n,,,,,,,n,,n,,,,,n,,,,,n,n,,,n,,,,,,,,n,,,,,,,,,,,n,n,,
Coconut Aminos,100555,,,,,,,,,n,,,,,,,,,,,,,,n,,n,,n,,,,,,,,,,,,,,,,,,,,,,
Plain Greek Yogurt,45665,,,n,n,,,,,,,n,,n,,,,,n,,,n,,n,n,,,n,,,,,,,,n,,,,,,n,,,,,,n,,
Unsweetened Shredded Coconut,74710,,,,,,,,,n,,,,,,,,,,,,,,,,n,n,,,,,,,,,,,,,,,,,,,,,,,
Coconut Sugar,59110,,,n,,,,,,n,,,,n,,,,n,,,,,n,,n,n,n,n,n,,,,,,,,,,,,,n,,n,,,,,,
All Purpose Gluten-Free Flour,145282,,,,n,,,,,,,,,,,,n,n,,,,,,n,n,n,,n,,,,,,,,n,,,n,,,n,,,,,n,,,
Yellow Potato,2515,,,n,n,,,,,,,,,n,,,,n,,,,,n,,n,n,,,,,n,,,,,,,,,,,n,,,,,,,,
Sliced Almonds,92187,,n,,n,,,,,,,,,,,,,,,,,n,,n,,n,n,n,,,,n,,,,,,,,,,,,,,,,,,
Broccoli Slaw,110678,,,,,,,,,,,,,,,,,,,,,n,,,,n,n,n,,,,,,,,,,,,,,,,,,,,,,
Corn Tortilla,131449,,,n,n,,,,,,n,,,n,,,n,n,,,,,,,n,n,n,n,,,,,,,,n,,,,,,n,,,,,n,,,
Papaya,28622,,,n,,,,,,,,,,,n,,,n,,,,,n,n,n,,,n,,,,,,,,,,,,,,,,,,,,,,
Fresh Oregano,3817,,,,,,,,,,,,,,,,,,,,,,,,,,n,,,,,,,,,,,,,,,,,,,,,,,
Tuna Steak,7648,,,,,,,,,,,,,,,,,,,,,,,n,,,,n,,,,,,,,,,,,n,,,,,,,,n,n,
Bean Sprouts,54328,,,,,n,,,,,,,,,,,,,,n,,,,,n,n,,n,,,,,,,,,,,,,,n,,,,,,,,
Lean Ground Pork,861,,,n,,,,,,,,,,,,,,,n,,,,,,,,,n,n,,,,,,,,n,n,,,,,,,,,,n,n,
Frozen Cauliflower,2888,,,,,,,,,,,,,,,,,,,,,n,,,,,,n,,,,,,,,,,,,,,,,,,,,,,
Maca Powder,194732,,,,,,,,,,,,,,,,,,,,,n,,,n,n,,,,,,,,,,,,,,,,n,,,,,,,,
Schisandra Berry Powder,73763,,,,,,,,,,,,,,n,,,,,,,n,,n,n,n,n,,,,,,,,,,,,,,,,,,,,,,,
Unsweetened Coconut Yogurt,85206,,,,,,,,,n,,,,,,,,,,,,,,n,,n,n,,,,,,,,,,,,,,,n,,,,,,,,
Plain Rice Cake,2739,,,n,n,,,,,,,,,,,,n,n,,,,,n,,n,,,n,,,,,,,,n,,,n,,,n,,,,,n,,,
Granola,4135,,,n,n,,,,,,,,,n,,,n,n,,,,n,,,n,n,,n,,,,,n,,,n,,,,,,n,,,,,,,,
Pumpkin Seed Butter,59967,,,,,,,,,,,,,,,,,,,,,,,n,n,n,n,,,,,,,,,,,,,,,n,,,,,,,,
Beef Brisket,1096,,,n,,,n,,,,,,,n,,,,,,,,,,,,,,n,n,,,,,,,,n,,,,,,,,,,,n,n,
Crushed Pineapple,64533,,,n,,,,,,,,,,,n,,,n,,,,,n,n,n,n,n,n,,,,,,,,,,,,,,,,,,,n,,,
Celery Salt,41811,,,,,,,,,,,,,,,,,,,,,,,,,n,n,,,,,,,,,,,,,,,,,,,,,,,
Tapioca Flour,50051,,,n,,,,,,,,,,,,,,n,,,,,,,,n,,,,,,,,,,,,,,,,n,,,,,,,,
Rye Bread,5173,,,n,n,,,,,,,,,n,,n,n,n,,,,n,n,,,n,,n,,,,,,,,n,,,,,,n,,,,,n,,,n
Greek Seasoning,81150,n,,,,,,,,,,,,,,,,,,,,n,,n,,n,n,n,,,,,,,,,,,,,,n,,,,,,,,
Activated Charcoal Powder,,,,,,,,,,,,,,,,,,,,,,,,,,n,,,,,,,,,,,,,,,,n,,,,,n,,,
Dried Onion Flakes,2491,n,,,,,,,,,,,,,,,,,,,,n,,,,n,,n,,,,,,,n,,,,,,,,,,,,,,,
Whole Grain Crackers,4327,,,,n,,,,,,,,,,,n,n,n,,,,n,,,n,n,,n,,,,,,,,n,,,,,,n,,,,,n,,,n
Mixed Beans,6229,,,,n,n,,,,,,,,,,,,n,,n,,n,,n,n,n,,n,,,,,,,,n,,,,,,n,,,,,,,,
Chickpea Flour,6777,,,,n,n,,,,,,,,,,,,n,,n,,n,,n,n,n,,n,,,,,,,,n,,,,,,n,,,,,,,,
Coconut Butter,46579,,,,,,,,,n,,,,,,,,,,,,n,,,,n,n,,n,,,,,,,,,,,,,,,,,,,,,
Lamb Shank,6804,,,n,,,,,,,,,,n,,,,,,,,,,,,,,n,n,,,,,,,,n,,,,,,,,,,,n,n,
Mayonnaise,3498,,,n,n,,,,,,,,n,n,,,,,,,,,,n,,,n,n,,,,,,n,,,,,,,,n,,,,,n,n,,
Rice Vinegar,269545,,,n,n,,,,,,,,,,,,,,,,,,,n,,,n,n,,,,,,,,,,,n,,,n,,,,,,,,
Ground Bison,7782,,,n,,,,,,,,,,n,,,,,,,,,,,,,,n,n,,,,,,,,n,,,,,,,,,,,n,n,
Tempeh,6761,,,,n,n,,,,,,,,n,,,,,,n,,,,n,n,n,,n,,,,,,,,n,,,,,n,n,,,,,n,,,
Hazelnuts,3070,,,,n,,,,,,,,,,,,,,,,,n,,n,,n,,n,,,,n,,,,,,,,,,,,,,,,,,
Chickpea Pasta,286700,,,,n,n,,,,,,,,,,,,n,,n,,n,,n,n,n,,n,,,,,,,,n,,,,,,n,,,,,n,,,
Sweet Potato Chips,70972,,,n,,,,,,,,,,,,,,n,,,,,,n,,n,n,,,,,,,,,,,,,,,n,,,,,,,,
Miso Paste,70401,,,n,n,n,,,,,,,,n,,,,,,n,,,,n,n,n,,n,,,,,,,,n,,,n,,n,n,,,,,n,,,
Buckwheat Soba Noodles,79321,,,,n,,,,,,,,,,,,n,n,,,,,,,n,n,,n,,,,,,,,n,,,,,,n,,,,,n,,,
Poultry Seasoning,3820,,,,,,,,,,,,,,,,,,,,,,,n,,n,n,,,,,,,,,,,,,,,n,,,,,,,,
Butter,5919,,,,n,,,,,,,n,,n,,,,,n,,,,,,,,,,n,,,,,n,,n,,,,,,,,,,,,n,,
Pork Chop,727,,,n,,,,,,,,,,,,,,,n,,,,,,,,,n,n,,,,,,,,n,n,,,,,,,,,,n,n,
Celery Root,2889,,,,,,,,,,,,,,,,,,,,,,,,,n,,,,,,,,,,,,,,,,,,,,,,,,
Rutabaga,943,,,n,,,,,,,,,,,,,,n,,,,,,,,n,,n,,,,,,,,,,,,,,,,,,,,,,
Thai Basil,4721,,,,,,,,,,,,,,,,,,,,,,,,,,n,,,,,,,,,,,,,,,,,,,,,,,
Culantro,2486,,,,,,,,,,,,,,,,,,,,,,,,,n,,,,,,,,,,,,,,,,,,,,,,,,
Star Anise,3805,,,,n,,,,,,,,,,,,,,,,,,,n,,n,n,,,,,,,,,,,,,,,,,,,,,,,
Pho Noodles,129104,,,n,n,,,,,,,,,,,,n,n,,,,,n,,n,,,n,,,,,,,,n,,,n,,,n,,,,,n,,,
Lemon Juice,236,,,,,,,,n,,,,,,n,,,,,,,,,n,,,,,,,,,,,,,,,,,,,,,,,,,,
Smoked Paprika,3818,,,,n,,,,,,,,,n,,,,,,,,,,,n,n,n,,,,n,,,,,,,,,,,,,,,,,,,
Thai Red Curry Paste,266391,n,,,n,,,,,,,,,n,,,,,,,,n,,n,n,n,n,n,,,n,,,,n,,,,,,,n,n,,,,,,,
White Chocolate Chips,142931,,,n,n,,,,,,,n,,n,,,,n,n,,,n,n,n,,n,,n,,,,,,,,n,,,,,,n,,n,,,n,,,
Cornmeal,2186,,,n,n,,,,,,n,,,n,,,n,n,,,,,n,,n,n,n,n,,,,,,,,n,,,,,,n,,,,,,,,
Cardamom,3408,,,,n,,,,,,,,,,,,,,,,,,,,,n,n,,,,,,,,,,,,,,,,,,,,,,,
Top Sirloin Steak,1217,,,n,,,n,,,,,,,n,,,,,,,,,,,,,,n,n,,,,,,,,n,,,,,,,,,,,n,n,
Cottage Cheese,4668,,,n,n,,,,,,,n,,n,,,,,n,,,n,,n,n,,,n,,,,,,,,n,,,,,,n,,,,,n,n,,
Pesto,4068,n,,,n,,,,,,,,,,,,,,,,,n,,n,n,n,n,n,,,,,,n,,,,,,,,,,,,,,,,
Shallot,2988,n,,,,,,,,,,,,,,,,,,,,n,,,,n,,n,,,,,,,n,,,,,,,,,,,,,,,
Whole Wheat Tortilla,6570,,,n,n,,,,,,,,,n,,n,n,n,,,,n,,n,n,n,,n,,,,,,,,n,,,,,,n,,,,,n,,,n
Orange Bell Pepper,1872,,,,n,,,,,,,,,n,,,,,,,,,,,n,n,n,,,,n,,,,,,,,,,,,,,,,,,,
Hot Sauce,268330,n,,n,n,,,,,,,,,n,,,,,,,,,,n,n,n,n,n,,,n,,,,n,,,,,,,n,n,,,,n,,,
Canned Wild Salmon,6212,,,,,,,,,,,,,,,,,,,,,,,n,,,,,,,,,,,,,,,,n,,,,,,,,n,n,
Shirataki Noodles,47180,,,,,,,,,,,,,,,,,,,,,,,,,n,,,,,,,,,,,,,,,,n,,,,,n,,,
Chicken Thighs with Skin,4874,,,,,,,n,,,,,,,,,,,,,,,,,,,,,,,,,,,,,n,,,,,,,,,,,n,n,
Yellow Curry Paste,54048,n,,,n,,,,,,,,,n,,,,,,,,,,n,n,n,n,n,,,n,,,,n,,,,,,,n,n,,,,,,,
Brown Rice Cake,64233,,,,n,,,,,,,,,,,,n,n,,,,,n,,n,n,,n,,,,,,,,n,,,n,,,n,,,,,n,,,
Watercress,2557,,,,,,,,,,,,,,,,,,,,,,,,,n,n,n,,,,,,,,,,,,,,,,,,,,,,
Pickle,1868,,,,,,,,,,,,,,,,,,,,,,,n,n,,n,n,,,,,,,,,,,,,,,,,,,,,,
Pomegranate,1623,,,n,,,,,,,,,,,n,,,n,,,,n,,,n,n,,,,,,,,,,,,,,,,,,,,,,,,
Microgreens,172381,,,,,,,,,,,,,,,,,,,,,,,,,n,,n,,,,,,,,,,,,,,n,,,,,,,,
Dry Black Beans,6223,,,,n,n,,,,,,,,,,,,n,,n,,n,,n,n,n,,n,,,,,,,,n,,,,,,,,,,,,,,
Bread Crumbs,7417,,,n,n,,,,,,,,,n,,n,n,n,,,,n,,,n,n,,n,,,,,,,,n,,,,,,n,,,,,n,,,n
Monk Fruit Sweetener,51260,,,,n,,,,,,,,,,,,,,,,,,,,,n,,n,n,,,,,,,,,,,,,n,,,,,n,,,
Whole Rotisserie Chicken,176184,,,,,,,n,,,,,,,,,,,,,,,,,,,,,,,,,,,,,n,,,,,,,,,,,n,n,
Lamb Sausage,153002,n,,n,,,,,,,,,,n,,,,,,,,,,n,,,,n,n,,,,,,n,,n,,,,,n,,,,,n,n,n,
Kohlrabi,913,,,,,,,,,,,,,,,,,,,,,n,,,,,,,,,,,,,,,,,,,,n,,,,,,,,
Watermelon Radish,940,,,,,,,,,,,,,,,,,,,,,,,,,,n,n,,,,,,,,,,,,,,,,,,,,,,
Tomato Sauce,1563,n,,,n,,,,,,,,,n,,,,,,,,n,,n,n,n,n,,,,n,,,,n,,,,,,,n,,,n,,,,,
Whole Wheat Penne,265216,,,n,n,,,,,,,,,n,,n,n,n,,,,n,,n,n,n,,n,,,,,,,,n,,,,,,n,,,,,n,,,n
Cacao Nibs,116278,,,,n,,,,,,,,,n,,,,,,,,,,n,,n,,n,,,,,,,,,,,,,,n,,,,,,,,
Daikon,940,,,,,,,,,,,,,,,,,,,,,,,,,,,n,,,,,,,,,,,,,,,,,,,,,,
Pork Sausage,7074,n,,n,,,,,,,,,,,,,,,n,,,,,n,,,,n,n,,,,,,n,,n,n,,,,n,,,,,n,n,n,
Dry Lentils,4909,,,,n,,,,,,,,,,,,,n,,n,n,n,,n,n,n,,n,,,,,,,,n,,,,,,,,,,,,,,
Wild Rice,2215,,,,n,,,,,,,,,,,,n,n,,,,,n,,n,,,n,,,,,,,,n,,,n,,,n,,,,,,,,
Basmati Rice,83422,,,n,n,,,,,,,,,,,,n,n,,,,,n,,n,,,,,,,,,,,n,,,n,,,n,,,,,n,,,
Whole Grain Bread,7403,,,n,n,,,,,,,,,n,,n,n,n,,,,n,,,n,n,,n,,,,,,,,n,,,,,,n,,,,,n,,,n
Gluten-Free Bread,6591,,,n,n,,,,,,,,,,,,n,n,,,,,,,n,n,,n,,,,,,,,n,,,n,,,n,,,,,n,,,
Cheddar Cheese,5903,,,n,n,,,,,,,n,,n,,,,,n,,,,,n,n,,,n,,,,,,,,n,,,,,,,,,,,n,n,,
Sliced Turkey Breast,5430,,,n,,,,,,,,,,,,,,,,,,,,n,,,,n,n,,,,,,,,n,,,,,n,,,,n,n,n,n,
Sole Fillet,6685,,,,,,,,,,,,,,,,,,,,,,,,,,,n,,,,,,,,,,,,n,,,,,,,,n,n,
Egg Whites,4672,,,,n,,,,,,,,n,n,,,,,,,,,,n,,,,n,,,,,,,,,,,,,,,,,,,,n,,
"Chicken Leg, Boneless with Skin",4867,,,,,,,n,,,,,,,,,,,,,,,,,,,,,,,,,,,,,n,,,,,,,,,,,n,n,
Seed Crackers,493,,,,n,,,,,,,,,,,,,n,,,,,,,,n,,,,,,,,,,n,,,n,,,n,,,,,n,,,
Jackfruit,7176,,,n,,,,,,,,,,,n,,,n,,,,n,n,,n,n,,,,,,,,,,,,,,,,n,,,,,,,,
Fiddleheads,1894,,,,,,,,,,,,,,,,,,,,,,,,,n,,,,,,,,,,,,,,,,,,,,,,,,
Red Hot Chili Pepper,2595,,,,n,,,,,,,,,n,,,,,,,,,,n,n,n,n,,,,n,,,,,,,,,,,,n,,,,,,,
Orange Juice,1587,,,n,,,,,n,,,,,,n,,,n,,,,,n,n,n,n,n,,n,,,,,,,,,,,,,n,,,,,,,,
Eddo,1797,,,n,,,,,,,,,,,,,,n,,,,n,,,,n,,,,,,,,,,,,,,,,n,,,,,,,,
Chinese Five Spice,84955,,,,n,,,,,,,,,n,,,,,,,,,,n,,n,n,,,,n,,,,,,,,,,,n,n,,,,,,,
Frozen Broccoli,2868,,,,,,,,,,,,,,,,,,,,,,,,,n,n,n,,,,,,,,,,,,,,,,,,,,,,
Okra,1749,,,,,,,,,,,,,,,,,,,,,,,,,n,n,,,,,,,,,,,,,,,n,,,,,,,,
Lite Coconut Milk,277048,,,,,,,,,n,,,,,,,,,,,,,,,,n,n,,,,,,,,,,,,,,,,,,,,,,,
Unsweetened Cashew Milk,87238,,,n,n,,,,,,,,,,,,,,,,,n,,n,n,n,,n,,,,n,,,,,,,,,,,,,,,,,,
Brown Basmati Rice,210904,,,,n,,,,,,,,,,,,n,n,,,,,n,,n,n,,n,,,,,,,,n,,,n,,,n,,,,,n,,,
Turkey Thigh,4020,,,,,,,,,,,,,,,,,,,,,,,,,,,,,,,,,,,,n,,,,,,,,,n,,n,n,
Beef Liver,1940,,,n,,,n,,,,,,,n,,,,,n,,,,,,,,,n,n,,,,,,,,n,,,,,,,,,,,n,n,
Fresh Sage,3424,,,,,,,,,,,,,,,,,,,,,,,,,,n,,,,,,,,,,,,,,,,,,,,,,,
Plain Coconut Milk,118393,,,,,,,,,n,,,,,,,,,,,,,,,,n,n,,,,,,,,,,,,,,,,,,,,,,,
Ricotta Cheese,3340,,,n,n,,,,,,,n,,n,,,,,n,,,,,n,n,,,n,,,,,,,,n,,,,,,n,,,,,n,n,,
Buckwheat Groats,3174,,,,n,,,,,,,,,,,,n,n,,,,,,,n,n,,n,,,,,,,,n,,,,,,n,,,,,,,,
Whole Wheat Flatbread,225103,,,n,n,,,,,,,,,n,,n,n,n,,,,n,,n,n,n,,n,,,,,,,,n,,,,,,n,,,,,n,,,n
Goji Berries,5521,,,n,n,,,,,,,,,,n,,,n,,,,n,,n,n,n,n,,,,n,,,,,,,,,,,,,,,,,,,
Lentil Macaroni,72286,,,,n,,,,,,,,,,,,,n,,n,n,n,,n,n,n,,n,,,,,,,,n,,,,,,,,,,,n,,,
Roasted Red Peppers,148581,,,,n,,,,,,,,,n,,,,,,,,n,,,n,n,n,,,,n,,,,,,,,,,,,,,,,,,,
Plain Kefir,226247,,,n,n,,,,,,,n,,n,,,,,n,,,n,,n,n,,,n,,,,,,,,n,,,,,,n,,,,,,n,,
Ground Allspice,3804,,,,n,,,,,,,,,,,,,,,,,,,n,,n,n,,,,,,,,,,,,,,,,n,,,,,,,
Ground Sumac,3413,,,,n,,,,,,,,,,,,,,,,,,,,,n,,,,,,,,,,,,,,,,,,,,,,,,
Lemon Zest,238,,,,,,,,n,,,,,,n,,,,,,,,,n,,n,,,,,,,,,,,,,,,,,,,,,,,,
Collagen Powder,2088,,,,,,n,,,,,,,,,,,,,,,,,,,,,n,n,,,,,,,,n,,,n,,n,,,,,n,n,n,
Za'atar Spice,109084,,,,n,,,,,,,,,n,,,,,,,,,,n,,n,n,n,,,,,,,,,,,,,,n,,,,,,,,
Plain Sheep's Milk Yogurt,153496,,,n,n,,,,,,,n,,n,,,,,n,,,n,,n,,n,,n,,,,,,,,n,,,,,,n,,,,,,n,,
Black Rice,39162,,,,n,,,,,,,,,,,,n,n,,,,,,,n,n,,n,,,,,,,,n,,,n,,,n,,,,,,,,
Pork Hock,713,,,n,,,,,,,,,,,,,,,n,,,,,,,,,n,n,,,,,,,,n,n,,,,,,,,,,n,n,
Cauliflower Rice,320912,,,,,,,,,,,,,,,,,,,,,n,,,,,,n,,,,,,,,,,,,,,,,,,,,,,
Chicken Wings,4879,,,,,,,n,,,,,,,,,,,,,,,,,,,,,,,,,,,,,n,,,,,,,,,,,n,n,
Bee Pollen,179081,,,,,,,,,,,,,,,,,,,,,,,n,,n,,,,,,,,,,,,,,,,n,,,,,,n,,
Canned Jackfruit,679,,,n,,,,,,,,,,,n,,,n,,,,n,,,n,n,,,,,,,,,,,,,,,,n,,,,,n,,,
Iceberg Lettuce,1737,,,,,,,,,,,,,,,,,,,,,,,,,n,,,,,,,,,,,,,,,,,,,,,,,,
Whole Flax Seeds,1903,,,,n,,,,,,,,,,,,,,,,,,,,,n,,,,,,,,,,,,,,,,n,,,,,,,,
Udon Noodles,45589,,,n,n,,,,,,,,,n,,n,n,n,,,,n,n,,n,,,n,,,,,,,,n,,,,,,n,,,,,n,,,n
Chinese Cooking Wine,139248,,,,n,,,,,,,,,,,,,,n,,,,,n,,,n,n,,,,,,,,n,,,n,,,,,,,,n,,,
Grated Carrot,2882,,,,,,,,,,,,,,,,,,,,,,,,,n,n,,,,,,,,,,,,,,,,,,,,,,,
Quinoa Penne,128716,,,,n,,,,,,,,,,,,n,n,,,,,,,n,n,,n,,,,,,,,n,,,,,,n,,,,,n,,,
Russet Potato,2519,,,n,n,,,,,,,,,n,,,,n,,,,,n,,n,n,,,,,n,,,,,,,,,,,n,,,,,,,,
Coconut Whipped Cream,218981,,,,,,,,,n,,,,,,,,n,,,,,,,,n,n,,n,,,,,,,,,,,,,,,,,,n,,,
Brown Rice Pasta Shells,80406,,,,n,,,,,,,,,,,,n,n,,,,,n,,n,n,,n,,,,,,,,n,,,n,,,n,,,,,n,,,
Sardines,7628,,,,,,,,,,,,,,,,,,,,,,,n,,n,,,,,,,,,,,,,,n,,,,,,,,n,n,
Pure Aloe Juice,271706,,,,,,,,,,,,,,,,,,,,,n,,,,n,n,,,,,,,,,,,,,,,n,,,,,,,,
Frozen Pineapple,1613,,,n,,,,,,,,,,,n,,,n,,,,,n,n,n,n,n,n,,,,,,,,,,,,,,,,,,,,,,
Unsweetened Rice Milk,166612,,,n,n,,,,,,,,,,,,n,n,,,,,n,,n,,,n,,,,,,,,n,,,n,,,n,,,,,n,,,
Spelt Flour,74709,,,n,n,,,,,,,,,n,,n,n,n,,,,n,,,n,n,,n,,,,,,,,n,,,,,,n,,,,,,,,n
Radicchio,1053,,,,,,,,,,,,,,,,,,,,,,,,,n,,,,,,,,,,,,,,,,,,,,,,,,
Grapefruit Juice,263,,,n,,,,,n,,,,,,n,,,n,,,,n,n,n,n,,n,,n,,,,,,,,,,,,,n,,,,,,,,
White Button Mushrooms,1740,,,,,,,,,,,,,,,,,,,,,n,,n,,,n,,,n,,,,,,,,,,,,,,,,,,,,
Frozen Spinach,1776,,,,,,,,,,,,,,,,,,,,,,,n,,n,,n,,,,,,,,,,,,,,,,,,,,,,
Cremini Mushrooms,1740,,,,,,,,,,,,,,,,,,,,,n,,n,,,n,,,n,,,,,,,,,,,,,,,,,,,,
Cranberry Sauce,6450,,,n,n,,,,,,,,,n,n,,,n,,,,n,n,n,n,n,n,,n,,,,,,,n,,,,,,n,,,,,,,,
Orzo,161861,,,n,n,,,,,,,,,n,,n,n,n,,,,n,n,,n,,,n,,,,,,,,n,,,,,,n,,,,,n,,,n
Sugar Free Ketchup,223891,,,,n,,,,,,,,,n,,,,,,,,,,n,n,n,n,,,,n,,,,,,,,,,,n,,,n,,n,,,
Whole Grain Mustard,136686,,,,n,,,,,,,,,,,,,,,,,,,n,,,n,n,,,,,,,,,,,,,,,,,,,,,,
Peppermint Extract,5960,,,,,,,,,,,,,,,,,,,,,,,,,,n,,,,,,,,,,,,,,,,,,,,,,,
Dried Apricots,6430,,,n,,,,,,,,,,n,n,,,n,,,,n,n,n,n,n,n,,,,,,,,,,,,,,,n,,,,,,,,
Couscous,2188,,,n,n,,,,,,,,,n,,n,n,n,,,,n,n,,n,,,n,,,,,,,,n,,,,,,n,,,,,,,,n
Pearl Barley,2773,,,n,n,,,,,,,,,n,,n,n,n,,,,n,,,n,,,n,,,,,,,,n,,,,,,n,,,,,,,,
Vegan Mayonnaise,274355,,,n,n,,,,,,,,,,,,,,,n,,,,n,n,n,n,n,,,,,,,,n,,,,,n,n,,,,,n,,,
Oat Crackers,45496,,,,n,,,,,,,,,,,,n,n,,,,,,,n,n,,n,,,,,n,,,n,,,,,,n,,,,,n,,,
Baby Pickles,196645,,,,,,,,,,,,,,,,,,,,,,,n,n,,n,n,,,,,,,,,,,,,,,,,,,n,,,
Fish Sauce,7020,,,,,,,,,,,,,,,,,,,,,,,n,,,,n,,,,,,,,,,,,n,,,,,,,n,n,n,
Cashew Cream Cheese,111202,,,,n,,,,,,,,,,,,,,,,,n,,n,n,n,,n,,,,n,,n,,,,,,,,,,,,,n,,,
Light Rye Crisp Bread,265798,,,n,n,,,,,,,,,n,,n,n,n,,,,n,n,,n,n,,n,,,,,,,,n,,,,,,n,,,,,n,,,n
Dry Chickpeas,6245,,,,n,n,,,,,,,,,,,,n,,n,,n,,n,n,n,,n,,,,,,,,n,,,,,,n,,,,,,,,
Gluten-Free Ramen Noodles,45585,,,,n,,,,,,,,,,,,n,n,,,,,n,,n,n,,n,,,,,,,,n,,,n,,,n,,,,,n,,,
Fava Beans,6242,,,,n,n,,,,,,,,,,,,n,,n,,n,,n,n,n,,n,,,,,,,,n,,,,,,n,,,,,,,,
Corn Tortilla Chips,605,,,n,n,,,,,,n,,,n,,,n,n,,,,,,,n,n,n,n,,,,,,,,n,,,,,,n,,,,,n,,,
Whole Wheat Pita,7405,,,n,n,,,,,,,,,n,,n,n,n,,,,n,,n,n,n,,n,,,,,,,,n,,,,,,n,,,,,n,,,n
Black Eyed Peas,6224,,,,n,n,,,,,,,,,,,,n,,n,,n,,,n,n,,n,,,,,,,,n,,,,,,n,,,,,,,,
Smoked Herring Fillet,7605,,,,,,,,,,,,,,,,,,,,,,,n,,,,,,,,,,,,,,,,n,,n,,,,,n,n,n,
Lime Juice,645,,,,,,,,n,,,,,,n,,,,,,,,,n,,,,,,,,,,,,,,,,,,,,,,,,,,
Honey,228135,,,n,,,,,,,,,,n,,,,n,,,,n,n,,,,n,,n,,,,,,,,,,,,,,,n,,,,n,,
Scallops,6709,,,,,,,,,,,,,,,,,,n,,,,,n,,,,n,,,,,,,,,,,,n,,,,,,,,n,n,
Mackerel Fillet,7608,,,,,,,,,,,,,,,,,,,,,,,n,,,,,,,,,,,,,,,,n,,,,,,,,n,n,
Dried Chives,2564,n,,,,,,,,,,,,,,,,,,,,,,,,,,n,,,,,,,,,,,,,,,,,,,,,,
Pork Belly,301,,,n,,,,,,,,,,,,,,,n,,,,,n,,,,n,n,,,,,,,,n,n,,,,,,,,,,n,n,
Cane Sugar,3163,,,n,n,,,,,,,,,n,,,,n,,,,,n,,n,,n,n,n,,,,,,,n,,,,,,n,,n,,,n,,,
Turkey Sausage,7106,n,,n,,,,,,,,,,,,,,,,,,,,n,,,,n,n,,,,,,n,,n,,,,,n,,,,n,n,n,n,
Arborio Rice,126155,,,n,n,,,,,,,,,,,,n,n,,,,,n,,n,,,n,,,,,,,,n,,,n,,,n,,,,,n,,,
Baby Kale,230230,,,,,,,,,,,,,,,,,,,,,,,,,n,,n,,,,,,,,,,,,,,,,,,,,,,
Havarti Cheese,193547,,,n,n,,,,,,,n,,n,,,,,n,,,,,n,n,,,n,,,,,,,,n,,,,,,,,,,,n,n,,
Chorizo,232374,n,,,n,,,,,,,,,n,,,,,n,,,,,n,n,n,n,n,n,,n,,,,n,,n,n,,,,n,n,,,,n,n,n,
Blood Orange,2406,,,n,,,,,n,,,,,,n,,,n,,,,,,n,n,n,n,,,,,,,,,,,,,,,,,,,,,,,
Quick Oats,6393,,,,n,,,,,,,,,,,,n,n,,,,,,,n,n,,n,,,,,n,,,n,,,,,,n,,,,,n,,,
Farro,145477,,,n,n,,,,,,,,,n,,n,n,n,,,,n,,,n,n,,n,,,,,,,,n,,,,,,n,,,,,,,,n
Lamb Loin,4980,,,n,,,,,,,,,,,,,,,,,,,,,,,,n,n,,,,,,,,n,,,,,,,,,,,n,n,
Napa Cabbage,2464,,,,,,,,,,,,,,,,,,,,,,,,,,,n,,,,,,,,,,,,,,,,,,,,,,
Ahi Tuna,120322,,,,,,,,,,,,,,,,,,,,,,,n,,,,n,,,,,,,,,,,,n,,,,,,,,n,n,
Psyllium Husks,235795,,,,n,,,,,,,,,,,,,,,,,n,,,,n,,,,,,,,,,,,,,,,n,,,,,,,,
Calabash Squash,1721,,,n,,,,,,,,,,,,,,n,,,,n,,,n,n,,,,,,,,,,,,,,,,,,,,,,,,
Psyllium Husk Powder,,,,,n,,,,,,,,,,,,,,,,,n,,,,n,,,,,,,,,,,,,,,,n,,,,,,,,
Instant Yeast,71355,,,n,,,,,,,,,,n,,,,,,,,,,n,,n,n,n,,,,,,,,,,,,,,n,,,,,n,,,
Calrose Rice,195135,,,n,n,,,,,,,,,,,,n,n,,,,,n,,n,,,n,,,,,,,,n,,,n,,,n,,,,,n,,,
Mussels,6705,,,,,,,,,,,,,,,,,,n,,,,,n,,,,n,,,,,,,,,,,,n,,,,,,,,n,n,
Golden Beet,1634,,,n,,,,,,,,,,,,,,n,,,,n,,,,n,n,,,,,,,,,,,,,,,,,,,,,,,
Relish,70344,n,,,,,,,,,,,,,,,,,,,,,,n,,,n,n,,,,,,,n,,,,,,,n,,,,,n,,,
Deli Roast Beef,5897,,,n,,,n,,,,,,,n,,,,,,,,,,n,,,,n,n,,,,,,,,n,,,,,n,,,,,n,n,n,
Blackstrap Molasses,165657,,,n,,,,,,,,,,n,,,,n,,,,n,n,,n,n,n,n,,,,,,,,,,,,,,n,,n,,,n,,,
Chili Flakes,63349,,,,n,,,,,,,,,n,,,,,,,,,,n,n,n,n,,,,n,,,,,,,,,,,,n,,,,,,,
Sunflower Sprouts,139546,,,,,,,,,,,,,,,,,,,,,,,,,n,,n,,,,,,,,,,,,,,n,,,,,,,,
Freekeh,213438,,,n,n,,,,,,,,,n,,n,n,n,,,,n,,,n,n,,n,,,,,,,,n,,,,,,n,,,,,,,,n
Whole Wheat Hot Dog Bun,140019,,,n,n,,,,,,,,,n,,n,n,n,,,,n,,n,n,n,,n,,,,,,,,n,,,,,,n,,,,,n,,,n
Coconut Meat,118896,,,,,,,,,n,,,,,,,,,,,,n,,,,n,n,,,,,,,,,,,,,,,,,,,,,,,
Probiotic Capsules,,,,,,,,,,,,,,,,,,,,,,,,n,,,,,,,,,,,,,,,,,,,,,,,,,,
Dried Parsley,3419,,,,,,,,,,,,,,,,,,,,,,,,,n,,,,,,,,,,,,,,,,,,,,,,,,
Pineapple Juice,149516,,,n,,,,,,,,,,,n,,,n,,,,,n,n,n,,n,n,n,,,,,,,,,,,,,n,,,,,n,,,
Tarragon,3426,,,,,,,,,,,,,,,,,,,,,,,,,n,n,,,,,,,,,,,,,,,,,,,,,,,
Chicken Liver,3549,,,,,,,n,,,,,,,,,,,n,,,,,,,,,,,,,,,,,,n,,,,,,,,,,,n,n,
Anchovy,6672,,,,,,,,,,,,,,,,,,,,,,,n,,,,,,,,,,,,,,,,n,,,,,,,,n,n,
Bone Broth,211360,n,,,,,n,,,,,,,,,,,,,,,,,n,,n,,n,n,,,,,,n,,n,,,,,,,,,,,n,n,
Flank Steak,1922,,,n,,,n,,,,,,,n,,,,,,,,,,,,,,n,n,,,,,,,,n,,,,,,,,,,,n,n,
Coriander Seed,3411,,,,n,,,,,,,,,,,,,,,,,,,,,n,,n,,,,,,,,,,,,,,,,,,,,,,
Fennel Seed,3812,,,,n,,,,,,,,,,,,,,,,,,,,,n,,,,,,,,,,,,,,,,,,,,,,,,
Oyster Mushrooms,1069,,,,,,,,,,,,,,,,,,,,,,,n,,,n,,,n,,,,,,,,,,,,,,,,,,,,
Sourdough Bread,212184,,,n,n,,,,,,,,,n,,n,n,n,,,,,n,n,n,n,,n,,,,,,,,n,,,,,,n,,,,,n,,,n
Lemongrass,1062,,,,,,,,,,,,,,,,,,,,,,,,,n,,,,,,,,,,,,,,,,,,,,,,,,
Ground Lamb,6859,,,n,,,,,,,,,,n,,,,,,,,,,,,,,n,n,,,,,,,,n,,,,,,,,,,,n,n,
White Pita Bread,7404,,,n,n,,,,,,,,,n,,n,n,n,,,,n,n,,n,n,,n,n,,,,,,,n,,,,,,n,,,,,n,,,n
Rice Crackers,5650,,,n,n,,,,,,,,,,,,n,n,,,,,n,,n,n,,n,,,,,,,,n,,,n,,,n,,,,,n,,,
Sriracha,3675,n,,,n,,,,,,,,,n,,,,,,,,,,n,n,n,n,n,,,n,,,,,,,,,,,n,n,,,,n,,,
Orange Zest,1592,,,,,,,,n,,,,,,n,,,n,,,,,,n,n,n,n,,,,,,,,,,,,,,,,,,,,,,,
Halloumi,63744,,,n,n,,,,,,,n,,n,,,,,n,,,n,,n,n,,,n,,,,,,,,n,,,,,,n,,,,,n,n,,
Green Chili Pepper,2986,,,,n,,,,,,,,,n,,,,,,,,,,n,n,n,n,,,,n,,,,,,,,,,,,n,,,,,,,
Hemp Oil,184627,,,,n,,,,,,,,,,,,,,,,,,,,,n,n,,n,,,,,n,,,,,,,,n,,,,,,,,
Liquid Smoke,83634,,,,,,,,,,,,,,,,,,,,,,,,,n,,,,,,,,,,,,,,,,n,,,,,n,,,
"Chicken Breast, Cooked",4023,,,,,,,n,,,,,,,,,,,,,,,,,,,,n,,,,,,,,,n,,,,,,,,,,,n,n,
"Bacon, Cooked",403,,,n,,,,,,,,,,,,,,,n,,,,,n,,,,n,n,,,,,,,,n,n,,,,,,,,,n,n,n,
"Shrimp, Cooked",7669,,,,,,,,,,,,,,,,,,n,,,,,n,,,,n,,,,,,,,,,,,n,,,,,,,,n,n,
"Turkey Breast, Cooked",7005,,,,,,,,,,,,,,,,,,,,,,,,,,,n,,,,,,,,,n,,,,,,,,,n,,n,n,
Pecorino Romano Cheese,72027,,,n,n,,,,,,,n,,n,,,,,n,,,n,,n,,,,n,,,,,,,,n,,,,,,,,,,,n,n,,
Jicama,2562,,,,,,,,,,,,,,,,,,,,,,,,,n,,n,,,,,,,,,,,,,,n,,,,,,,,
Millet,2191,,,,n,,,,,,,,,,,,n,n,,,,,,,,n,,n,,,,,,,,n,,,,,,n,,,,,,,,
"Chicken Leg, Bone-in",4874,,,,,,,n,,,,,,,,,,,,,,,,,,,,,,,,,,,,,n,,,,,,,,,,,n,n,
Fire Roasted Diced Tomatoes,173969,,,,n,,,,,,,,,n,,,,,,,,,,n,n,n,n,,,,n,,,,,,,,,,,n,,,n,,n,,,
"Turkey Breast, Skin on",4017,,,,,,,,,,,,,,,,,,,,,,,,,,,n,,,,,,,,,n,,,,,,,,,n,,n,n,
Brown Rice Fettuccine,206770,,,,n,,,,,,,,,,,,n,n,,,,,n,,n,n,,n,,,,,,,,n,,,n,,,n,,,,,n,,,
Carob Powder,6244,,,,,,,,,,,,,,,,,,,,,n,,,,n,,,,,,,,,,,,,,,,n,,,,,n,,,
Dried Peppermint Leaves,4728,,,,,,,,,,,,,,,,,,,,,,,,,,n,,,,,,,,,,,,,,,,,,,,,,,
Cannellini Beans,225775,,,,n,n,,,,,,,,,,,,n,,n,,n,,n,n,n,,n,,,,,,,,n,,,,,,n,,,,,,,,
Mozzarella Cheese,79835,,,n,n,,,,,,,n,,n,,,,,n,,,,,n,n,,,n,,,,,,,,n,,,,,,n,,,,,n,n,,
Dried Chamomile Flowers,77987,,,,,,,,,,,,,,,,,,,,,n,,,,,n,,,,,,,,,,,,,,,,,,,,,,,
Dried Lavender Flowers,77987,,,,,,,,,,,,,,,,,,,,,,,,,,n,,,,,,,,,,,,,,,,,,,,,,,
Rigatoni,154793,,,n,n,,,,,,,,,n,,n,n,n,,,,n,n,,n,,,n,,,,,,,,n,,,,,,n,,,,,n,,,n
Whole Duck,4897,,,,,,,,,,,,,,,,,,,,,,,,,,,n,,,,,,,,,n,,,,,,,,,,,n,n,
Dry Green Lentils,4909,,,,n,,,,,,,,,,,,,n,,n,n,n,,n,n,n,,n,,,,,,,,n,,,,,,,,,,,,,,
Chinese Broccoli,1893,,,,,,,,,,,,,,,,,,,,,n,,,,n,n,n,,,,,,,,,,,,,,,,,,,,,,
"Brown Rice Fusilli, Cooked",4515,,,,n,,,,,,,,,,,,n,n,,,,,n,,n,n,,n,,,,,,,,n,,,n,,,n,,,,,n,,,
Monkfish Fillet,6165,,,,,,,,,,,,,,,,,,,,,,,,,,,n,,,,,,,,,,,,n,,,,,,,,n,n,
Pork Loin Roast,803,,,n,,,,,,,,,,,,,,,n,,,,,,,,,n,n,,,,,,,,n,n,,,,,,,,,,n,n,
Dry Sherry,324078,,,,,,,,,,,,,,,,,,n,,,,,,,,n,n,,,,,,,,,,,,,,n,,,,,n,,,
Purple Yam,2560,,,n,,,,,,,,,,,,,,n,,,,,,,,n,,,,,,,,,,,,,,,,n,,,,,,,,
Harissa,178429,n,,,n,,,,,,,,,n,,,,,,,,n,,n,n,n,n,,,,n,,,,n,,,,,,,,n,,n,,,,,
Dry Yellow Lentils,261441,,,,n,,,,,,,,,,,,,n,,n,n,n,,n,n,n,,n,,,,,,,,n,,,,,,,,,,,,,,
"Pistachios, In Shell",222090,,,n,n,,,,,,,,,,,,,,,,,n,,n,,n,n,n,,,,n,,,,,,,,,,,,,,,,,,
Sea Bass Fillet,7631,,,,,,,,,,,,,,,,,,,,,,,,,,,n,,,,,,,,,,,,n,,,,,,,,n,n,
Soda Water,7331,,,,,,,,,,,,,,,,,,,,,,,,,,,n,,,,,,,,,,,,,,,,,,,,,,
Cranberry Juice,606,,,n,n,,,,,,,,,n,n,,,n,,,,,n,n,n,n,n,,n,,,,,,,,,,,,,n,,,,,n,,,
Black Tea,5716,,,n,,,,,,,,,,,,,,,,,,n,,n,,n,n,n,,,,,,,,,,,,,,,,,,,,,,
Tomato Juice,3034,,,n,n,,,,,,,,,n,,,,n,,,,,,n,n,n,n,,n,,n,,,,,,,,,,,n,,,n,,n,,,
Everything Bagel Seasoning,252846,n,,,n,,,,,,,,,,,,,,,,,n,,,,n,n,n,,,,,,,n,,,,,,,n,,,,,,,,
Hibiscus Tea,120459,,,,,,,,,,,,,,,,,,,,,,,n,,n,n,n,,,,,,,,,,,,,,,,,,,,,,
Reishi Powder,182804,,,,,,,,,,,,,,,,,,,,,n,,,,,n,,,n,,,,,,,,,,,,,,,,,,,,
White Pepper,3422,,,,n,,,,,,,,,,,,,,,,,,,,,n,n,,,,,,,,,,,,,,,,n,,,,,,,
Shishito Peppers,232735,,,,n,,,,,,,,,n,,,,,,,,n,,,n,n,n,,,,n,,,,,,,,,,,,,,,,,,,
English Muffin,267024,,,n,n,,,,,,,,,n,,n,n,n,,,,n,n,,n,,,n,n,,,,,,,n,,,,,,n,,,,,n,,,n
Cumin Seed,3412,,,,n,,,,,,,,,,,,,,,,,,,,,n,n,,,,,,,,,,,,,,,,,,,,,,,
Cajun Seasoning,145140,n,,,n,,,,,,,,,n,,,,,,,,,,n,n,n,n,n,,,n,,,,n,,,,,,,n,n,,,,,,,
Cajun Smoked Andouille Sausage,134569,n,,n,n,,n,,,,,,,n,,,,,n,,,n,,n,n,n,n,n,n,,n,,,,n,,n,n,,,,n,n,,,,n,n,n,
Jerk Seasoning,124449,n,,n,n,,,,,,,,,n,,,,,,,,n,,n,n,n,n,n,,,n,,,,n,,,,,,,n,n,,,,,,,
Snow Peas,2499,,,,n,,,,,,,,,,,,,n,,n,,,,,n,,,n,,,,,,,,,,,,,,,,,,,,,,
Buckwheat Flour,74699,,,,n,,,,,,,,,,,,n,n,,,,,,,n,n,,n,,,,,,,,n,,,,,,n,,,,,,,,
Oat Milk,312010,,,n,n,,,,,,,,,,,,n,n,,,,n,,,n,,,n,,,,,n,,,n,,,,,,n,,,,,,,,
Habanero Pepper,1065,,,,n,,,,,,,,,n,,,,,,,,,,n,,n,n,,,,n,,,,,,,,,,,,n,,,,,,,
Old Fashioned Grits,4143,,,n,n,,,,,,n,,,n,,,n,n,,,,,n,,n,n,,n,,,,,,,,n,,,,,,n,,,,,,,,
Flat Iron Steak,1196,,,n,,,n,,,,,,,n,,,,,,,,,,,,,,n,n,,,,,,,,n,,,,,,,,,,,n,n,
Tawook Spice Blend,239647,,,,n,,,,,,,,,,,,,,,,,n,,n,,n,n,n,,,,,,,,,,,,,,n,n,,,,,,,
Lion's Mane Powder,186312,,,,,,,,,,,,,,,,,,,,,n,,,,,n,,,n,,,,,,,,,,,,,,,,,,,,
Lebanese Seven Spice Blend,75536,,,,n,,,,,,,,,,,,,,,,,n,,n,,n,n,n,,,,,,,,,,,,,,n,n,,,,,,,
Artichoke,1694,,,,,,,,,,,,,,,,,,,,,n,,,,,n,,,,,,,,,,,,,,,,,,,,,,,
Oxtail,232785,,,n,,,n,,,,,,,n,,,,,,,,,,,,,,n,n,,,,,,,,n,,,,,,,,,,,n,n,
Tzatziki,63743,n,,n,n,,,,n,,,n,,n,,,,,n,,,n,,n,n,,n,n,,,,,,,n,n,,,,,,n,,,,,,n,,
Beef Heart,1114,,,n,,,n,,,,,,,n,,,,,,,,,,,,,,n,n,,,,,,,,n,,,,,,,,,,,n,n,
Kombucha,198416,,,n,n,,,,,,,,,n,,,,,,,,n,,n,n,n,n,,,,,,,,,,,,,,,n,,,,,,,,
Pie Pumpkin,937,,,,,,,,,,,,,,,,,n,,,,,,n,n,n,,,,,,,,,,,,,,,,,,,,,,,,
Chicken Heart,3947,,,,,,,n,,,,,,,,,,,,,,,,,,,,,,,,,,,,,n,,,,,,,,,,,n,n,
Buttermilk,4714,,,n,n,,,,,,,n,,n,,,,,n,,,n,,n,n,,,n,,,,,,,,n,,,,,,n,,,,,,n,,
Baba Ganoush,204641,n,,,n,,,,n,,,,,n,,,,,,,,,,n,n,n,n,n,,,n,,,,,,,,,,,n,,,,,,,,
Cashew Butter,2652,,,n,n,,,,,,,,,,,,,,,,,n,,n,n,n,,n,,,,n,,,,,,,,,,,,,,,,,,
Green Tomato,2945,,,,n,,,,,,,,,n,,,,,,,,,,n,n,n,,,,,n,,,,,,,,,,,,,,n,,,,,
Pickled Green Tomato,29559,,,,n,,,,,,,,,n,,,,,,,,,,n,n,n,n,n,,,n,,,,,,,,,,,,,,n,,n,,,
Wasabi Paste,30725,,,n,n,,,,,,,,,n,,,,,,,,n,,n,n,n,,,,,n,,,,,,,,,,,,n,,,,,,,
Persimmon,2430,,,n,n,,,,,,,,,,n,,,n,,,,n,,,n,,,,,,n,,,,,,,,,,,,,,,,,,,
Lotus Root,1739,,,,,,,,,,,,,,,,,n,,,,,,,,n,,,,,,,,,,,,,,,,n,,,,,,,,
Biryani Masala,174782,,,n,n,,,,,,,,,n,,,,,,,,n,,n,n,n,n,n,,,n,,,,,,,,,,,n,n,,,,,,,
Jerk Marinade,164326,n,,n,n,,,,,,,,,n,,,,,,,,n,,n,n,n,n,n,n,,n,,,n,n,,,,,,,n,n,,n,,,,,
Dry Black Eyed Peas,6247,,,,n,n,,,,,,,,,,,,n,,n,,n,,,n,n,,n,,,,,,,,n,,,,,,n,,,,,,,,
Creole Seasoning,246199,n,,,n,,,,,,,,,n,,,,,,,,n,,n,n,n,n,n,,,n,,,,n,,,,,,,n,n,,,,,,,
Canned Mackerel,24725,,,,,,,,,,,,,,,,,,,,,,,n,,,,,,,,,,,,,,,,n,,,,,,,,n,n,
Whole Wheat Linguine,238888,,,n,n,,,,,,,,,n,,n,n,n,,,,n,,n,n,n,,n,,,,,,,,n,,,,,,n,,,,,n,,,n
White Cooking Wine,324110,,,n,n,,,,,,,,,,,,,,n,,,,,n,,,n,n,,,,,,,,,,,,,,,,,,,n,,,
Celery Seed,3409,,,,n,,,,,,,,,,,,,,,,,,,,,n,n,,,,,,,,,,,,,,,,,,,,,,,
White Glutinous Rice,1372,,,n,n,,,,,,,,,,,,n,n,,,,,n,,n,,,,,,,,,,,n,,,n,,,n,,,,,n,,,
"Pork Shoulder, Boneless",1676,,,n,,,,,,,,,,,,,,,n,,,,,,,,,n,n,,,,,,,,n,n,,,,,,,,,,n,n,
White Wine Vinegar,168752,,,n,,,,,,,,,,,,,,,n,,,,,n,,,n,n,n,,,,,,,,,,,,,,,,,,,,,
"Cream Cheese, Regular",23818,,,n,n,,,,,,,n,,n,,,,,n,,,,,n,,,,n,,,,,,,,n,,,,,,n,,,,,n,n,,
Green Curry Paste,69494,n,,n,n,,,,,,,,,n,,,,,,,,n,,n,n,n,n,n,,,n,,,,n,,,,,,,n,n,,,,,,,
Taco Seasoning,247045,n,,,n,,,,,,,,,n,,,,,,,,n,,n,n,n,n,n,,,n,,,,n,,,,,,,n,n,,,,,,,
Madras Curry Powder,65958,,,,n,,,,,,,,,n,,,,,,,,,,n,n,n,n,n,,,n,,,,,,,,,,,n,n,,,,,,,
Calamari,6712,,,,,,,,,,,,,,,,,,,,,,,,,,,n,,,,,,,,,,,,n,,,,,,,,n,n,
Gluten-Free Bagel,117685,,,n,n,,,,,,,,,,,,n,n,,,,,n,,n,n,,n,,,,,,,,n,,,n,,,n,,,,,n,,,
Sliced Ham,581,,,n,,,,,,,,,,,,,,,n,,,,,n,,,,n,n,,,,,,,,n,n,,,,n,,,,,n,n,n,
Bison Steak,6912,,,n,,,,,,,,,,n,,,,,,,,,,,,,,n,n,,,,,,,,n,,,,,,,,,,,n,n,
Gluten-Free Waffle,6594,,,n,n,,,,,,,,,,,,n,n,,,,,n,,n,n,,n,n,,,,,,,n,,,n,,,n,,,,,n,,,
Pretzels,44,,,n,n,,,,,,,,,n,,n,n,n,,,,,n,n,n,n,,n,,,,,,,,n,,,,,,n,,,,,n,,,n
Tikka Masala Paste,287650,n,,n,n,,,,,,,,,n,,,,,,,,n,,n,n,n,n,n,,,n,,,,n,,,,,,,n,n,,n,,,,,
Chamomile Tea,6645,,,,,,,,,,,,,,,,,,,,,n,,,,,n,,,,,,,,,,,,,,,,,,,,,,,
Freeze Dried Strawberries,182794,,,n,,,,,,,,,,,n,,,,,,,,,n,,,n,,,,,,,,,,,,,,,n,,,,,,,,
Fig Jam,123204,,,,,,,,,,,,,,n,,,n,,,,n,n,,,,n,,,,,,,,,,,,,,,n,,,,,,,,
Pitted Prunes,651,,,n,,,,,,,,,,,n,,,n,,,,n,n,n,n,n,n,,,,,,,,,,,,,,,,,,,,,,,
Edamame Pods,899,,,,n,n,,,,,,,,n,,,,,,n,,,,n,n,n,,n,,,,,,,,n,,,,,n,n,,,,,,,,
Lima Beans,6743,,,,n,n,,,,,,,,,,,,n,,n,,n,,n,n,n,,n,,,,,,,,n,,,,,,,,,,,,,,
Whole Wheat Bun,160868,,,n,n,,,,,,,,,n,,n,n,n,,,,n,,n,n,n,,n,,,,,,,,n,,,,,,n,,,,,n,,,n
Dried Dill,3811,,,,,,,,,,,,,,,,,,,,,,,,,,n,,,,,,,,,,,,,,,,,,,,,,,
Unbleached All Purpose Flour,1425,,,n,n,,,,,,,,,n,,n,n,n,,,,n,n,n,n,n,,n,n,,,,,,,n,,,,,,n,,,,,n,,,n
Turkey Bacon,7081,,,n,,,,,,,,,,,,,,,,,,,,n,,,,n,n,,,,,,,,n,,,,,,,,,n,n,n,n,
Blue Cheese,4664,,,n,n,,,,,,,n,,n,,,,,n,,,n,,n,,,n,n,,,,,,,,n,,,,,,,,,,,n,n,,
Rice Vermicelli Noodles,46545,,,n,n,,,,,,,,,,,,n,n,,,,,n,,n,n,,n,,,,,,,,n,,,n,,,n,,,,,n,,,
Coconut Water,7320,,,,,,,,,n,,,,,,,,,,,,n,,,,n,n,,,,,,,,,,,,,,,,,,,,,,,
Provolone Cheese,3339,,,n,n,,,,,,,n,,n,,,,,n,,,,,n,n,,,n,,,,,,,,n,,,,,,,,,,,n,n,,
Frozen Peaches,2417,,,n,,,,,,,,,,,n,,,n,,,,n,,,n,n,n,,,,,,,,,,,,,,,,,,,,,,,
Honeydew Melon,2400,,,n,,,,,,,,,,,n,,,n,,,,n,,,n,,,,,,,,,,,,,,,,,,,,,,,,,
"Ribeye Steak, Bone-in",5546,,,n,,,n,,,,,,,n,,,,,,,,,,,,,,n,n,,,,,,,,n,,,,,,,,,,,n,n,
Dried Fig,7154,,,n,,,,,,,,,,,n,,,n,,,,n,n,n,n,n,n,,,,,,,,,,,,,,,,,,,,,,,
Oat Bran,1361,,,,n,,,,,,,,,,,,n,n,,,,,,,n,n,,n,,,,,n,,,n,,,,,,n,,,,,,,,
Cassava Flour,245521,,,n,,,,,,,,,,,,,,n,,,,,,,,n,,n,,,,,,,,,,,,,,n,,,,,,,,
Hoisin Sauce,5375,n,,n,n,n,,,,,n,,,n,,n,n,n,,n,,n,n,n,n,n,n,n,n,,n,,,n,n,n,,,,,n,n,n,n,,,n,,,n
Unsweetened Banana Chips,1338,,,n,,,,,,,,,,n,n,,,n,,,,n,n,n,n,,,,,,,,,,,,,,,,,,,,,,,,,
Chow Mein Noodles,1394,,,n,n,,,,,,,,,n,,n,n,n,,,,n,n,n,n,,,n,,,,,,,,n,,,,,,n,,,,,n,,,n
Skirt Steak,4648,,,n,,,n,,,,,,,n,,,,,,,,,,,,,,n,n,,,,,,,,n,,,,,,,,,,,n,n,
Beef Bones,,,,n,,,n,,,,,,,n,,,,,,,,,,,,,,n,n,,,,,,,,n,,,,,,,,,,,n,n,
Savoy Cabbage,2877,,,,,,,,,,,,,,,,,,,,,n,,,,,,n,,,,,,,,,,,,,,,,,,,,,,
Pickled Banana Peppers,131052,,,n,n,,,,,,,,,n,,,,,,,,,,n,n,n,n,n,,,n,,,,,,,,,,,,n,,,,n,,,
Paneer Cheese,242790,,,n,n,,,,,,,n,,n,,,,,n,,,,,n,n,,,n,,,,,,,,n,,,,,,n,,,,,n,n,,
Earl Grey Tea,5716,,,n,,,,,,,,,,,,,,,,,,n,,n,,n,n,n,,,,,,,,,,,,,,,,,,,n,,,
Muesli,1564,,n,n,n,,,,,,,,,n,,n,n,n,,,,n,n,n,n,n,n,n,,,,n,n,,,n,,,,,,n,,n,,,,,,
Old Bay Seasoning,81147,,,,n,,,,,,,,,n,,,,,,,,,,n,n,n,n,n,,,n,,,,,,,,,,,n,n,,,,,,,
"Fresh Lump Crab Meat, Cooked",46966,,,,,,,,,,,,,,,,,,n,,,,,n,,,,n,,,,,,,,,,,,n,,,,,,,,n,n,
Strawberry Jam,123273,,,n,n,,,,,,,,,n,n,,,n,,,,,n,n,n,,n,,,,,,,,,n,,,,,,n,,n,,,,,,
Paneer Masala,243424,n,,n,n,,,,,,n,n,,n,,,,,n,,,n,,n,n,n,n,n,,,n,n,,n,n,n,,,,,,n,n,,,,,n,,
Lean Ground Beef,6525,,,n,,,n,,,,,,,n,,,,,,,,,,,,,,n,n,,,,,,,,n,,,,,,,,,,,n,n,
Hot Banana Pepper,29674,,,n,n,,,,,,,,,n,,,,,,,,,,n,n,n,n,,,,n,,,,,,,,,,,,n,,,,n,,,
"Cow's Milk, Reduced Fat",23115,,,n,n,,,,,,,n,,n,,,,,n,,,n,,n,n,,,n,,,,,,,,n,,,,,,n,,,,,n,n,,
Ground Fenugreek,3813,,,,n,,,,,,,,,,,,,,,,,,,,,n,n,,,,,,,,,,,,,,,,,,,,,,,
Berbere Spice,270431,n,,,n,,,,,,,,,n,,,,,,,,n,,n,n,n,n,n,,,n,,,,n,,,,,,,,n,,,,,,,
Strip Loin Roast,1208,,,n,,,n,,,,,,,n,,,,,,,,,,,,,,n,n,,,,,,,,n,,,,,,,,,,,n,n,
Enchilada Sauce,6563,n,,n,n,,,,,,,,,n,,,,,,,,n,,n,n,n,n,n,n,,n,,,,n,,,,,,,n,n,,n,,n,,,
Lasagna Sheets,189159,,,n,n,,,,,,,,n,n,,n,n,n,,,,n,n,n,n,n,,n,,,,,,,,n,,,,,,n,,,,,n,n,,n
Beef Shanks,1930,,,n,,,n,,,,,,,n,,,,,,,,,,,,,,n,n,,,,,,,,n,,,,,,,,,,,n,n,
Teff Flour,319245,,,,n,,,,,,,,,,,,n,n,,,,,,n,n,n,,n,,,,,,,,n,,,,,,n,,,,,,,,
Club Soda,241004,,,,,,,,,,,,,,,,,,,,,,,,,,,n,,,,,,,,,,,,,,,,,,,,,,
Frozen Vegetable Mix,2961,,,n,n,,,,,,n,,,n,,,n,n,,,,n,,,n,n,n,n,,,,,,,,n,,,,,,n,,,,,,,,
Seitan,68258,,,n,n,,,,,,,,,n,,n,n,n,,,,n,,n,n,n,,n,,,,,,,,n,,,,,,n,,,,,n,,,n
Dried Marjoram,3417,,,,,,,,,,,,,,,,,,,,,,,,,,,,,,,,,,,,,,,,,,,,,,,,,
Gochujang,199773,,,n,n,,,,,,,,,n,,n,n,n,,n,,n,n,n,n,n,n,n,,,n,,,n,,n,,,,,n,n,n,n,,,n,,,
"Vegetable Broth, Low Sodium",165704,n,,,,,,,,,,,,,,,,,,,,,,n,,n,,,,,,,,,n,,,,,,,,,,n,,,,,
White Hamburger Slider Buns,185376,,,n,n,,,,,,,,,n,,n,n,n,,,,n,n,n,n,n,,n,n,,,,,,,n,,,,,,n,,,,,n,,,n
Egg Noodles,2220,,,n,n,,,,,,,n,n,n,,n,n,n,n,,,n,n,n,n,n,,n,,,,,,n,,n,,,,,,n,,,,,n,n,,n
Tamarind Paste,72909,,,n,n,,,,,,,,,n,n,,,n,,,,,n,n,n,n,,n,,,n,,,,,n,,,,,,n,,,,,,,,
Moroccan Spice Blend,71931,,,,n,,,,,,,,,n,,,,,,,,,,n,n,n,n,n,,,n,,,,,,,,,,,,n,,,,,,,
Vegan Cream Cheese,293588,,,n,n,,,,,,,,,,,,,,,,,n,,n,n,n,,n,,,,n,,n,,n,,,,,,n,,,,,n,,,
Gruyere Cheese,23760,,,n,n,,,,,,,n,,n,,,,,n,,,,,n,n,,,n,,,,,,,,n,,,,,,,,,,,n,n,,
"Ham, Bone-in",260241,,,n,,,,,,,,,,,,,,,n,,,,,n,,,,n,n,,,,,,,,n,n,,,,n,,,,,n,n,n,
Tamarind Flesh,252,,,n,n,,,,,,,,,n,n,,,n,,,,,n,n,n,n,,n,,,n,,,,,n,,,,,,n,,,,,,,,
Quinoa Flakes,45871,,,,n,,,,,,,,,,,,n,n,,,,,,,n,n,,n,,,,,,,,n,,,,,,n,,,,,n,,,
Chana Masala Spice Blend,174786,n,,n,n,,,,,,,,,n,,,,,,,,n,,n,n,n,n,n,,,n,,,,n,,,,,,,n,n,,,,,,,
Snow Pea Shoots,172381,,,,n,,n,,,,,,,,,,,n,,,,n,,,n,,,n,,,,,,,,,,,,n,,,,,,,,,,
Beef Tortellini,183726,,,n,n,,n,,,,,n,n,n,,n,n,n,n,,,n,n,,n,n,,n,n,,,,,,,n,n,,,,,n,,,,,n,n,n,
Saffron,3423,,,,,,,,,,,,,,,,,,,,,,,n,,n,,,,,,,,,,,,,,,,,,,,,,,,
Peri Peri Spice,302065,n,,,n,,,,,,,,,n,,,,,,,,n,,n,n,n,n,n,n,,n,,,,n,,,,,,,n,n,,,,,,,
Sorghum Flour,203905,,,,n,,,,,,,,,,,,n,n,,,,,,,,n,,n,,,,,,,,n,n,,,,,n,,n,,,,,,
Pomelo,243,,,n,,,,,n,,,,,,n,,,n,,,,n,,n,n,n,n,,,,,,,,,,,,,,,,,,,,,,,
Yuca,158319,,,n,,,,,,,,,,,,,,n,,,,,n,,,n,,,,,,,,,,,,,,,,n,,,,,,,,
Pickled Beets,30686,,,n,,,,,,,,,,,,,,n,,,,n,,n,n,n,n,n,,,,,,,,,,,,,,n,,n,,,n,,,
Pickled Red Onions,152449,n,,n,,,,,,,,,,,,,,,,,,n,,n,n,n,n,n,,,,,,,n,,,,,,,,,n,,,n,,,
Hashbrowns,162027,,,n,n,,,,,,,,,n,,,,n,,,,,n,,n,n,,,n,,n,,,n,,n,,,,,,n,,,,,n,,,
Soy Sauce,26401,,,n,n,n,,,,,,,,n,,n,,,,n,,,,n,n,n,,n,n,,,,,,,n,,,,,n,n,,,,,n,,,n
Whole Wheat Flour,71980,,,n,n,,,,,,,,,n,,n,n,n,,,,n,,,n,n,,n,,,,,,,,n,,,,,,n,,,,,n,,,n
Ackee,135484,,,n,,,,,,,,,,,n,,,n,,,,n,n,n,n,n,,,,,,,,,,,,,,,,n,,,,,,,,
Textured Vegetable Protein,26411,,,n,n,n,,,,,,,,n,,n,n,n,,n,,n,n,n,n,n,,n,n,,,,,,,n,,,,,n,n,,,,,n,,,n
Marinara Sauce,243550,n,,,n,,,,,,,,,n,,,,,,,,,,n,n,n,n,n,n,,n,,,n,n,,,,,,,n,,,n,,,,,
"Pumpkin Seeds, In Shell",2677,,,,n,,,,,,,,,,,,,,,,,,,n,n,n,n,,,,,,,,,,,,,,,n,,,,,,,,
"Plain Cow's Yogurt, Whole Milk",23154,,,n,n,,,,,,,n,,n,,,,,n,,,n,,n,n,,,n,,,,,,,,n,,,,,,n,,,,,,n,,
Tomato Pure,2949,,,n,n,,,,,,,,,n,,,,,,,,n,,n,n,n,n,,,,n,,,,,,,,,,,n,,,n,,,,,
Frozen Blackberries,28678,,,n,,,,n,,,,,,,n,,,n,,,,n,,n,,n,n,,,,,,,,,,,,,,,,,,,,,,,
Plantain Chips,29047,,,n,,,,,,,,,,,n,,,n,,,,,n,,n,n,,n,,,,,,n,,,,,,,,n,,,,,,,,
Avocado Oil Spray,311437,,,,,,,,,,,,,,,,,,,,,,,n,,,n,,n,,,,,n,,,,,,,,,,,,,,,,
Pomegranate Juice,276,,,n,,,,,,,,,,n,n,,,n,,,,n,n,,n,n,n,,n,,,,,,,n,,,,,,n,,,,,n,,,
Lean Beef Patty,297044,,,n,,,n,,,,,,,n,,,,,,,,,,,,,,n,n,,,,,,,,n,,,,,,,,,,,n,n,
Cornish Hen,3996,,,,,,,n,,,,,,,,,,,,,,,,,,,,n,,,,,,,,,n,,,,,,,,,,,n,n,
"Sweetened Condensed Milk, Low Fat",83460,,,n,n,,,,,,,n,,n,,,,n,n,,,n,n,n,n,,,n,n,,,,,,,n,,,,,,n,,n,,,n,n,,
Phyllo Dough,5280,,,n,n,,,,,,,n,n,n,,n,n,n,,,,n,n,n,n,n,,n,n,,,,,n,,n,,,,,,n,,,,,n,n,,n
Egg Yolk,26058,,,,n,,,,,,,,n,n,,,,,,,,,,n,,,,n,,,,,,,,,,,,,,,,,,,,n,,
Mango Powder,77548,,,n,,,,,,,,,,n,n,,,n,,,,n,n,n,n,,,,,,,,,,,,,,,,,n,,,,,,,,
Dried Pomegranate Seeds,311775,,,n,,,,,,,,,,,n,,,n,,,,n,,n,n,n,,,,,,,,,,,n,,,,,,,,,,,,,
Black Salt,144338,,,,n,,,,,,,,,,,,,,,,,,,,,n,,,,,,,,,,,,,,,,,,,,,,,,
Chaat Masala,174778,,,n,n,,,,,,,,,n,,,,,,,,n,,n,n,n,n,,,,n,,,,,,,,,,,n,n,,,,,,,
Sweetened Dried Lemon Peel,70715,,,,,,,,n,,,,,,n,,,,,,,,,n,,n,,n,,,,,,,,,,,,,,,,,,,,,,
Vegan Ranch Dressing,298198,n,,n,n,,,,n,,,,,,,,,n,,,,n,,n,n,n,n,n,n,,,n,,n,n,n,,,,,,n,,,,,,,,
Blanched Almonds,3057,,n,,n,,,,,,,,,,,,,,,,,n,,n,,n,n,n,,,,n,,,,,,,,,,,,,,,,,,
Rose Water,118275,,,,,,,,,,,,,,,,,,,,,,,,,,,,,,,,,,,,,,,,,,,,,,,,,
Masala Chai Spice,3804,,,,n,,,,,,,,,n,,,,,,,,n,,n,,n,n,,,,n,,,,,,,,,,,,n,,,,,,,
Frozen Fruit Mix,242034,,,n,,,,,,,,,,,n,,,n,,,,n,n,n,n,n,n,n,,,,,,,,,,,,,,n,,,,,,,,
Cauliflower Pizza Crust,224808,,,n,n,,,,,,,n,n,n,,,,,n,,,n,,n,,,,n,,,,,,,,n,,,,,,n,,,,,n,n,,
Tandoori Masala,174780,n,,n,n,,,,,,,,,n,,,,,,,,n,,n,n,n,n,n,,,n,,,,n,,,,,,,n,n,,,,,,,
Puffed Quinoa,211560,,,,n,,,,,,,,,,,,n,n,,,,,,,n,n,,n,,,,,,,,n,,,,,,n,,,,,,,,
Coconut Cream,167608,,,,,,,,,n,,,,,,,,,,,,,,,,n,n,,n,,,,,,,,,,,,,n,,,,,,,,
Salmon Burger Patty,39525,,,,n,,,,,,,,,n,,,n,n,,,,,n,n,n,n,,n,n,,,,,n,,n,,,n,n,,n,,,,,n,n,n,
Cheese Tortellini,4583,,,n,n,,,,,,,n,n,n,,n,n,n,n,,,n,n,n,n,n,,n,n,,,,,,,n,,,,,,n,,,,,n,n,,n
Digestive Biscuit,56138,,,n,n,,,,,,,n,,n,,n,n,n,n,,,,n,n,n,n,,n,n,,,,,n,,n,,,,,,n,,n,,,n,n,,n
Veggie Burger Patty,196010,n,,n,n,n,,,,,,,,,,,n,n,,,n,n,n,n,n,n,,n,,,,,,n,n,n,,,,,,n,,,,,n,,,
Stir Fry Vegetable Mix,144456,,,n,n,,,,,,,,,n,,,n,n,,,,n,,,n,n,n,n,n,,n,,,,,,,,,,,n,,n,,,,,,
"Ribeye Steak, Boneless",7188,,,n,,,n,,,,,,,n,,,,,,,,,,,,,,n,n,,,,,,,,n,,,,,,,,,,,n,n,
Mini Whole Wheat Pita,52957,,,n,n,,,,,,,,,n,,n,n,n,,,,n,,n,n,n,,n,,,,,,,,n,,,,,,n,,,,,n,,,n
Balsamic Vinaigrette,244586,,,n,n,,,,,,,,,n,,,,n,,,,n,n,n,,n,n,n,n,,,,,n,,n,,,,,,n,,n,,,n,,,
Israeli Couscous,121833,,,n,n,,,,,,,,,n,,n,n,n,,,,n,,,n,,,n,,,,,,,,n,,,,,,n,,,,,,,,n
Pepperoni,7064,,,n,n,,n,,,,,,,n,,,,,n,,,n,,n,n,n,,n,n,,n,,,,,,n,n,,,,n,n,,,,n,n,n,
Italian Dressing,6079,n,,n,n,,,,n,,,,,n,,,,n,,,,n,,n,n,n,n,n,,,n,,,n,n,,,,,,,n,,,,,,,,
Green Goddess Salad Dressing,1546,n,,,,,,,,,,,,,,,,,,,,n,,n,,n,n,n,,,,,,n,n,,,,,,,,,,,,n,,,
Yerba Mate,220342,,,n,,,,,,,,,,,,,,,,,,n,,n,,n,,,,,,,,,,,,,,,,,,,,,,,,
Raspberry Jam,75118,,,n,n,,,,,,,,,n,n,,,n,,,,n,n,n,n,n,n,,,,,,,,,n,,,,,,n,,n,,,,,,
Tomatillo,1055,,,,n,,,,,,,,,n,,,,,,,,,,n,n,n,,,,,n,,,,,,,,,,,,,,n,,,,,
Naan,4334,,,n,n,,,,,,,,,n,,n,n,n,,,,n,n,,n,n,,n,n,,,,,,,n,,,,,,n,,,,,n,,,
Raspberry Leaf Tea,6645,,,,,,,,,,,,,,,,,,,,,,,n,,n,n,n,,,,,,,,,,,,,,,,,,,,,,
"Basmati Rice, Cooked",239977,,,n,n,,,,,,,,,,,,n,n,,,,,n,,n,,,,,,,,,,,n,,,n,,,n,,,,,n,,,
Poblano Pepper,29669,,,,n,,,,,,,,,n,,,,,,,,,,,,n,n,,,,n,,,,,,,,,,,,,,,,,,,
Oyster Sauce,7018,,,n,,,,,,,,,,n,,,,,n,,,,,n,,n,,n,,,,,,,,,,,,n,,n,,,,,n,n,n,
Guacamole,28751,n,,,n,,,,n,,,,,n,,,,,,,,n,,n,n,n,n,n,,,n,,,,n,,,,,,,,,,,,,,,
Cheese Curds,185541,,,n,n,,,,,,,n,,n,,,,,n,,,,,n,n,n,,n,n,,,,,,,n,,,,,,n,,,,,n,n,,
"Salami, Mild",5425,,,n,n,,n,,,,,,,n,,,,,n,,,n,,n,n,n,,n,n,,n,,,,,,n,n,,,,n,,,,,n,n,n,
Potato Gnocchi,176036,,,n,n,,,,,,,,n,n,,n,n,n,,,,n,n,n,n,n,,n,n,,n,,,n,,n,,,,,,n,,,,,n,n,,n
"Chicken Broth, Low Sodium",4098,n,,,,,,n,,,,,,,,,,,,,,,,n,,n,,,,,,,,,n,,n,,,,,,,,,,,n,n,
Vegan Cheese Shreds,220614,,,n,n,,,,,,n,,,n,,,n,n,,n,,n,,n,n,n,,n,n,,,,,n,,n,,,,,,n,,,,,n,,,
Mulberries,2402,,,n,,,,,,,,,,,n,,,n,,,,,,n,,n,n,,,,,,,,,,,,,,,,,,,,,,,
Frozen French Fries,2253,,,n,n,,,,,,,,,n,,,,n,,,,,n,,n,n,,,n,,n,,,,,n,,,,,,n,,,,,n,,,
Frozen Meatballs,4127,n,,n,n,,n,,,,,,n,n,,n,n,,n,,,n,,n,n,n,,n,n,,,,,,n,n,n,n,,,,n,,,,,n,n,n,n
Mulberry Jam,123447,,,n,n,,,,,,,,,n,n,,,n,,,,n,n,n,n,n,n,,n,,,,,,,n,,,,,,n,,n,,,,,,
Chicken Hot Dog,124247,,,n,n,,,n,,,,,,n,,,,,,,,,,n,,n,,n,n,,n,,,,,,n,,,,,n,,,,,n,n,n,
Dragon Fruit,199733,,,n,,,,,,,,,,,n,,,n,,,,,,n,n,n,,,,,,,,,,,,,,,,,,,,,,,,
Sourdough Baguette,215488,,,n,n,,,,,,,,,n,,n,n,n,,,,,n,n,n,n,,n,,,,,,,,n,,,,,,n,,,,,n,,,n
Chipotle Powder,234085,,,,n,,,,,,,,,n,,,,,,,,n,,n,n,n,n,,n,,n,,,,,,,,,,,,n,,,,,,,
Cornstarch,2187,,,n,n,,,,,,n,,,n,,,n,n,,,,,,,n,n,n,n,,,,,,,,n,,,,,,n,,,,,,,,
Pickle Brine,50530,,,,n,,,,,,,,,,,,,,,,,,,n,n,n,n,n,,,,,,,,,,,,,,,,,,,n,,,
Whipping Cream,3348,,,n,n,,,,,,,n,,n,,,,,n,,,n,,,n,,,n,,,,,,,,n,,,,,,n,,,,,n,n,,
Garlic Scapes,2495,n,,,,,,,,,,,,,,,,,,,,n,,,,n,,n,,,,,,,,,,,,,,,,,,,,,,
"Turkey Thigh, Bone-in",4022,,,,,,,,,,,,,,,,,,,,,,,,,,,,,,,,,,,,n,,,,,,,,,n,,n,n,
Almond Extract,213368,,n,,n,,,,,,,,,,,,,,,,,n,,n,,n,n,n,,,,n,,n,,,,,,,,,,,,,n,,,
Icing Sugar,2145,,,n,n,,,,,,,,,n,,,,n,,,,,n,,n,,n,n,n,,,,,,,n,,,,,,n,,n,,,n,,,
Dried Guajillo Chilis,67833,,,,n,,,,,,,,,n,,,,,,,,,,n,n,n,n,,,,n,,,,,,,,,,,,n,,,,,,,
Worcestershire Sauce,4099,n,,n,n,,,,,,,,,n,,,,n,n,,,,n,n,n,n,n,n,n,,n,,,,n,n,,,,n,,n,,n,,,n,n,n,
"Cow's Milk, Whole",3754,,,n,n,,,,,,,n,,n,,,,,n,,,n,,n,n,,,n,,,,,,,,n,,,,,,n,,,,,,n,,
Wonton Wrapper,5291,,,n,n,,,,,,,n,n,n,,n,n,n,n,,,,n,n,n,n,,n,,,,,,n,,n,,,,,,n,,,,,n,n,,n
Salmon Steak,6175,,,,,,,,,,,,,,,,,,,,,,,n,,,,,,,,,,,,,,,,n,,,,,,,,n,n,
Cilantro Lime Dressing,237984,n,,,n,,,,n,,,,,,,,,,,,,n,,n,,n,n,n,,,,,,n,,,,,,,,,,n,,,,,,
Whole Wheat Spaghetti,1404,,,n,n,,,,,,,,,n,,n,n,n,,,,n,,n,n,n,,n,,,,,,,,n,,,,,,n,,,,,n,,,n
Apricot,4186,,,n,,,,,,,,,,,n,,,n,,,,n,,n,n,,n,,,,,,,,,,,,,,,,,,,,,,,
Peanut Sauce,6559,,,n,n,,,,,,,,,n,,n,,,,n,,n,,n,n,n,n,n,n,,,n,,,,n,,,,,n,n,,,,,n,,,
Lemon Pepper Seasoning,323582,,,,n,,,,n,,,,,,,,,,,,,n,,n,,n,n,,,,,,,,,,,,,,,,,,,,,,,
Honey Mustard,110993,,,n,n,,,,,,,,,n,,,,n,,,,n,n,n,,,n,n,n,,,,,,,,,,,,,,,n,,,,n,,
Vegan Caesar Dressing,220612,n,,n,n,,,,n,,,,,n,,n,,n,,n,,n,,n,n,n,n,n,n,,n,,,n,,n,,,,,n,n,,n,,,n,,,
Red Potato,2518,,,n,n,,,,,,,,,n,,,,n,,,,,n,,n,n,,,,,n,,,,,,,,,,,n,,,,,,,,
String Cheese,224492,,,n,n,,,,,,,n,,n,,,,,n,,,,,n,n,,,n,n,,,,,,,n,,,,,,n,,,,,n,n,,
Mixed Nuts,3077,,n,n,n,,,,,,,,,,,,,,,,,n,,n,n,n,n,n,,,,n,,,,,,,,,,,,n,,,,,,
Tartar Sauce,4315,n,,n,n,,,,n,,,,n,n,,,,n,n,,,,n,n,n,n,n,n,n,,n,,,n,n,n,,,,n,,n,,n,,,n,n,n,
Pepperoncini Peppers,236556,,,n,n,,,,,,,,,n,,,,,,,,,,n,n,n,n,,,,n,,,,,,,,,,,,n,,,,n,,,
Yellow Beans,2450,,,,n,,,,,,,,,,,,,,,n,,n,,,n,n,,n,,,,,,,,,,,,,,,,,,,,,,
King Mackerel Steak,7611,,,,,,,,,,,,,,,,,,,,,,,,,,,,,,,,,,,,,,,n,,,,,,,,n,n,
Scotch Bonnet,1065,,,,n,,,n,,,,,,n,,,,,,,,,,,,n,n,,,,n,,,,,,,,,,,,n,,,,,,,
Callaloo,976,n,,,,,,,,,,,,,,,,,,,,,,n,,n,,n,,,,,,,n,,,,,,,,,,,,,,,
Cannelloni Shells,2225,,,n,n,,,,,,,,,n,,n,n,n,,,,n,n,n,n,n,,n,,,,,,,,n,,,,,,n,,,,,n,,,n
"Veal Shank, Bone-in",6921,,,n,,,n,,,,,,,n,,,,,,,,,,,,,,n,n,,,,,,,,n,,,,,,,,,,,n,n,
Hominy,2190,,,n,n,,,,,,n,,,n,,,n,n,,,,,n,,n,n,n,n,,,,,,,,n,,,,,,n,,,,,,,,
Herbes de Provence,62176,,,,n,,,,,,,,,,,,,,,,,,,n,,n,n,,,,,,,,,,,,,,,,,,,,,,,
Candied Ginger,197015,,,n,n,,,,,,,,,n,,,,n,,,,,n,,n,n,n,n,n,,,,,,,n,,,,,,n,,n,,,n,,,
Orange Extract,213372,,,n,,,,,n,,,,,,n,,,,,,,,,n,n,n,n,,,,,,,,,,,,,,,,,,,,n,,,
Honeynut Squash,961,,,n,,,,,,,,,,,,,,n,,,,n,,,n,n,,,,,,,,,,,,,,,,,,,,,,,,
Pizza Dough,118176,,,n,n,,,,,,,,,n,,n,n,n,,,,,n,n,n,n,,n,,,,,,n,,n,,,,,,n,,n,,,n,,,n
Pizza Sauce,5369,n,,,n,,,,,,,,,n,,,,,,,,,,n,n,n,n,n,,,n,,,n,n,,,,,,,n,,,n,,n,,,
Soy Milk,23139,,,,n,n,,,,,,,n,n,,,,,,n,,n,,n,n,n,,n,,,,,,,,n,,,,,n,n,,,,,n,,,
Puff Pastry,5279,,,n,n,,,,,,,n,,n,,n,n,n,,,,n,n,n,n,n,,n,n,,,,,n,,n,,,,,,n,,,,,n,n,,n
Apple Cider,196966,,,n,,,,,,,,,,,n,,,n,,,,n,n,,n,n,n,n,,,,,,,,,,,,,,,,,,,,,,
Silken Tofu,6781,,,,n,n,,,,,,,,n,,,,,,n,,n,,n,n,n,,n,,,,,,,,n,,,,,n,n,,,,,n,,,
Jerusalem Artichokes,1725,,,,,,,,,,,,,,,,,n,,,,n,,,,n,n,n,,,,,,,,,,,,,,,,,,,,,,
"Soy Sauce, Low Sodium",4962,,,n,n,n,,,,,,,,n,,n,,,,n,,,,n,n,n,,n,n,,,,,,,n,,,,,n,n,,,,,n,,,n
Brown Sugar,1322,,,n,n,,,,,,,,,n,,,,n,,,,,n,,n,n,n,n,n,,,,,,,n,,,,,,n,,n,,,n,,,
Jumbo Pasta Shells,2225,,,n,n,,,,,,,,,n,,n,n,n,,,,n,,n,n,n,,n,,,,,,,,n,,,,,,n,,n,,,n,,,n
Plain Goat Milk Yogurt,110058,,,n,n,,,,,,,n,,n,,,,,n,,,n,,n,n,,,n,,,,,,,,n,,,,,,n,,,,,,n,,
Bagel,7388,,,n,n,,,,,,,,,n,,n,n,n,,,,n,n,n,n,n,,n,,,,,,,,n,,,,,,n,,,,,n,,,n
Corn Flour,2238,,,n,n,,,,,,n,,,n,,,n,n,,,,,n,,n,n,n,n,,,,,,,,n,,,,,,n,,,,,,,,
Whole Wheat Bagel,26678,,,n,n,,,,,,,,,n,,n,n,n,,,,n,n,n,n,n,,n,,,,,,,,n,,,,,,n,,,,,n,,,n
Broccoli Sprouts,247217,,,,,,,,,,,,,,,,,,,,,,,,,n,n,n,,,,,,,,,,,,,,n,,,,,,,,
Apple Chips,28509,,,n,,,,,,,,,,,n,,,n,,,,n,n,n,n,n,n,,,,,,,,,,,,,,,,,,,,,,,
Sun Dried Tomato Pesto,303137,n,,,n,,,,,,,,,n,,,,,,,,n,,n,n,n,n,n,,,n,,,n,,,,,,,,n,,,n,,,,,
Smoked Oysters,4470,,,n,,,,,,,,,,n,,,,,n,,,,,n,,n,,,,,,,,,,,,,,n,,n,,,,,n,n,n,
Quince,652,,,n,,,,,,,,,,,n,,,n,,,,n,,n,n,n,,,,,n,,,,,,,,,,,,,,,,,,,
Dried Green Peas,4917,,,n,n,,,,,,,,,,,,,n,,n,,n,,,n,,,n,,,,,,,,n,,,,,,,,,,,,,,
Anchovy Paste,199776,,,,,,,,,,,,,,,,,,,,,,,n,,,,,,,,,,n,,,,,,n,,,,,,,n,n,n,
Spelt Tortilla,139761,,,n,n,,,,,,,,,n,,n,n,n,,,,n,,n,n,n,,n,,,,,,n,,n,,,,,,n,,,,,n,,,n
Canned Clams,4465,,,n,,,,,,,,,,n,,,,,n,,,,,n,,n,,,,,,,,,,,,,,n,,n,,,,,,n,n,
Blueberry Jam,302032,,,n,n,,,,,,n,,,n,n,,,n,,,,n,n,n,n,n,n,,,,,,,,,n,,,,,,n,,n,,,,,,
White Bread,7413,,,n,n,,,,,,,,,n,,n,n,n,,,,n,n,,n,n,,n,n,,,,,,,n,,,,,,n,,,,,n,,,n
Frozen Falafel,4944,n,,,n,n,,,,,,,,,,,,n,,n,,n,,n,n,n,,n,,,,,,n,,n,,,,,,n,,,,,n,,,
Canned Peaches,2418,,,n,,,,,,,,,,,n,,,n,,,,n,,n,n,n,n,,,,,,,,,,,,,,,,,,,,n,,,
Semolina,2204,,,n,n,,,,,,,,,n,,n,n,n,,,,n,n,,n,n,,n,n,,,,,,,n,,,,,,n,,,,,,,,n
Canned Beets,2455,,,n,,,,,,,,,,,,,,n,,,,n,,n,,n,n,,,,,,,,,,,,,,,,,,,,n,,,
Moose Roast,96,,,,,,,,,,,,,n,,,,,,,,,,,,,,n,n,,,,,,,,n,,,,,,,,,,,n,n,
Farfalle,2225,,,n,n,,,,,,,,,n,,n,n,n,,,,n,n,n,n,n,,n,,,,,,,,n,,,,,,n,,,,,n,,,n
Pancetta,187473,,,n,,,,,,,,,,,,,,,n,,,n,,n,,n,,n,n,,,,,,,,n,n,,,,,,,,,n,n,n,
Macaroni,2225,,,n,n,,,,,,,,,n,,n,n,n,,,,n,n,n,n,n,,n,,,,,,,,n,,,,,,n,,,,,n,,,n
Chuck Roast,1982,,,n,,,n,,,,,,,n,,,,,,,,,,,,,,n,n,,,,,,,,n,,,,,,,,,,,n,n,
Brown Rice Lasagna Sheets,248681,,,n,n,,,,,,,,n,n,,,n,n,,,,,n,,n,n,,n,,,n,,,,,n,,,n,,,n,,,,,n,n,,
Chestnuts,2679,,,,n,,,,,,,,,,,,,n,,,,,,n,,n,n,n,,,,n,,,,,,,,,,,,,,,,,,
Linguine,2225,,,n,n,,,,,,,,,n,,n,n,n,,,,n,n,n,n,n,,n,,,,,,,,n,,,,,,n,,,,,n,,,n
"Chestnuts, In Shell",3063,,,,n,,,,,,,,,,,,,n,,,,,,n,,n,n,n,,,,n,,,,,,,,,,,,,,,,,,
Goose Breast,4902,,,,,,,,,,,,,,,,,,,,,,,,,,,n,,,,,,,,,n,,,,,,,,,,,n,n,
Mediterranean Spice Blend,126237,n,,,n,,,,,,,,,,,,,,,,,n,,n,,n,n,n,,,,,,,,,,,,,,,,,,,,,,
Pita Chips,5636,,,n,n,,,,,,,,,n,,n,n,n,,,,n,n,n,n,n,,n,,,,,,n,,n,,,,,,n,,,,,n,,,n
Dried Mint,3817,,,,,,,,,,,,,,,,,,,,,,,,,,n,,,,,,,,,,,,,,,,,,,,,,,
Water Chestnuts,66411,,,,,,,,,,,,,,,,,n,,,,,,n,,n,n,,,,,,,,,,,,,,,,,,,,,,,
Hearts of Palm,1058,,,,,,,,,,,,,,,,,,,,,,,n,,n,,,,,,,,,,,,,,,,,,,,,,,,
Steak Spice Seasoning,197032,n,,,n,,,,,,,,,n,,,,,,,,n,,n,n,n,n,n,,,n,,,,n,,,,,,,n,,,,,,,,
Black Tea Leaves,106290,,,n,,,,,,,,,,,,,,,,,,n,,n,,n,n,n,,,,,,,,,,,,,,,,,,,,,,
Teriyaki Sauce,3656,n,,n,n,,,,,,n,,,n,,n,n,n,,n,,n,n,n,n,n,n,n,n,,,,,,n,n,,,,,n,n,,n,,,n,,,n
Cheese Ravioli,147757,n,,n,n,,,,,,,n,n,n,,n,n,n,n,,,n,n,n,n,n,,n,n,,,,,,,n,,,,,,n,,,,,n,n,,n
Dumpling Wrappers,115518,,,n,n,,,,,,n,,,n,,n,n,n,,,,,n,n,n,n,,n,,,,,,n,,n,,,,,,n,,,,,n,,,n
Venison Sausage,58778,n,,n,,,,,,,,,,n,,,,,,,,,,n,,,,n,n,,,,,,,,n,,,,,n,,,,,n,n,n,
Ground Elk,6914,,,,,,,,,,,,,n,,,,,,,,,,n,,,,n,n,,,,,,,,n,,,,,,,,,,,n,n,
Amaranth,3171,,,,n,,,,,,,,,,,,n,n,,,,n,,,n,n,,n,,,,,,,,n,,,,,,n,,,,,,,,
Nigella Seeds,245588,,,,n,,,,,,,,,,,,,,,,,,,,,n,n,,,,,,,,,,,,,,,,,n,,,,,,
Sprinkles,144392,,,n,n,,,,,,,,,n,,,,n,,,,,n,,n,,n,n,n,,,,,,,n,,,,,,n,,n,,,n,,,
Ground Venison,234596,,,,,,,,,,,,,n,,,,,,,,,,n,,,,n,n,,,,,,,,n,,,,,,,,,,,n,n,
Caesar Dressing,2366,n,,n,n,,,,n,,,n,n,n,,,,,n,,,n,,n,n,n,n,n,,,,,,n,,n,,,,,,n,,,,,n,n,,
Potato Starch,50049,,,n,n,,,,,,,,,n,,,,n,,,,,n,,n,n,,,,,n,,,,,,,,,,,n,,,,,,,,
Matzo,5229,,,n,n,,,,,,,,,n,,n,n,n,,,,n,n,n,n,n,,n,,,,,,,,n,,,,,,n,,,,,n,,,n
Matzo Meal,67321,,,n,n,,,,,,,,,n,,n,n,n,,,,n,n,n,n,n,,n,,,,,,,,n,,,,,,n,,,,,n,,,n
Ranch Dressing,6082,n,,n,n,,,,n,,,n,n,n,,,,,n,,,n,,n,n,n,n,n,,,,,,n,n,n,,,,,,n,,,,,n,n,,
White Distilled Vinegar,4726,,,n,,,,,,,,,,,,,,,n,,,,,n,,,n,n,,,,,,,,,,,,,,,,,,,,,,
Sour Cream,3746,,,n,n,,,,,,,n,,n,,,,,n,,,n,,n,n,,,n,,,,,,,,n,,,,,,n,,,,,n,n,,
Cotija Cheese,3387,,,,n,,,,,,,n,,n,,,,,n,,,,,n,n,,,n,,,,,,,,n,,,,,,n,,,,,n,n,,
Whole Sea Bass,175792,,,,,,,,,,,,,,,,,,,,,,,,,,,n,,,,,,,,,,,,n,,,,,,,,n,n,
Mahi Mahi Fillet,4448,,,,,,,,,,,,,,,,,,,,,,,,,,,n,,,,,,,,,,,,n,,,,,,,,n,n,
Frozen Broad Beans,2866,,,,n,n,,,,,,,,,,,,n,,n,,n,,n,n,n,,n,,,,,,,,n,,,,,,n,,,,,,,,
Vindaloo Spice Blend,46636,,,n,n,,,,,,,,,n,,,,,,,,n,,n,n,n,n,n,,,n,,,,,,,,,,,n,n,,,,,,,
Pinto Beans,7689,,,,n,n,,,,,,,,n,,,,n,,n,,n,,n,n,n,,n,,,,,,,,n,,,,,,n,,,,,,,,
Sweet Chili Sauce,305289,n,,n,n,,,,,,n,,,n,,,,n,,,,n,n,n,n,n,n,n,n,,n,,,,,,,,,,,n,n,n,,,n,,,
Apricot Jam,3134,,,n,,,,,,,,,,,n,,,n,,,,n,n,n,n,n,n,,,,,,,,,,,,,,,n,,,,,,,,
Submarine Bun,188007,,,n,n,,,,,,,,,n,,n,n,n,,,,n,n,n,n,n,,n,n,,,,,,,n,,,,,,n,,,,,n,,,n
Graham Crackers,6572,,,n,n,,,,,,,,,n,,n,n,n,,,,n,n,n,n,n,,n,n,,,,,n,,n,,,,,,n,,n,,,n,n,,n
Marshmallows,484,,,n,n,,n,,,,n,,,n,,,n,n,n,,,,n,n,n,n,n,n,n,,,,,,,n,n,,,,,n,,n,,,n,n,n,
Creamed Corn,1852,,,n,n,,,,,,n,,,n,,,n,n,,,,n,n,n,n,n,n,n,n,,,,,,,n,,,,,,n,,n,,,n,,,
Labneh,119602,,,n,n,,,,,,,n,,n,,,,,n,,,n,,n,n,,,n,,,,,,,,n,,,,,,n,,,,,n,n,,
Beef Jerky,25,,,n,,,n,,,,,,,n,,,,,,,,,,n,,,,n,n,,,,,,,,n,,,,,n,,,,,n,n,n,
Pickerel Fillet,6169,,,,,,,,,,,,,,,,,,,,,,,,,,,,,,,,,,,,,,,n,,,,,,,,n,n,
Squash Blossoms,1759,,,,,,,,,,,,,,,,,n,,,,,,,n,n,,,,,,,,,,,,,,,,,,,,,,,,
Bamboo Shoots,1701,,,,,,,,,,,,,,,,,,,,,,,n,,n,,n,,,,,,,,,,,,,,n,,,,,,,,
Sambal Oelek,77501,,,,n,,,,,,,,,n,,,,,,,,n,,n,n,n,n,n,,,n,,,n,,,,,,,,n,n,,,,n,,,
Salsa Verde,4313,n,,,n,,,,n,,,,,n,,,,,,,,n,,n,n,n,n,,,,n,,,,n,,,,,,,n,n,,n,,,,,
Dandelion Greens,1715,,,,,,,,,,,,,,,,,,,,,,,,,n,,n,,,,,,,,,,,,,,,,,,,,,,
Tart Cherry Juice,296,,,n,,,,,,,,,,,n,,,n,,,,n,,n,,,n,,,,,,,,,,,,,,,,,,,,,,,
Dry White Navy Beans,6234,,,,n,n,,,,,,,,,,,,n,,n,,n,,n,n,n,,n,,,,,,,,n,,,,,,n,,,,,,,,
Shawarma Spice Blend,71931,,,,n,,,,,,,,,n,,,,,,,,n,,n,n,n,n,n,,,n,,,,,,,,,,,n,,,,,,,,
Hard Taco Shell,191708,,,n,n,,,,,,n,,,n,,,n,n,,,,,,,n,n,n,n,,,,,,,,n,,,,,,n,,,,,n,,,
Fajita Seasoning,4732,n,,,n,,,,,,,,,n,,,,,,,,n,,n,n,n,n,n,,,n,,,,n,,,,,,,n,n,,,,,,,
Whole Wheat Rotini Pasta,1404,,,n,n,,,,,,,,,n,,n,n,n,,,,n,,n,n,n,,n,,,,,,,,n,,,,,,n,,,,,n,,,n
Balsamic Glaze,307463,,,n,,,,,,,,,,,,,,n,,n,,n,n,n,n,,n,n,,,,,,,,,,,,,,n,,,,,n,,,
Fresh Tarragon,4721,,,,,,,,,,,,,,,,,,,,,,,,,n,n,,,,,,,,,,,,,,,,,,,,,,,
Amchar Masala,71939,,,,,,,,,,,,,,,,,,,,,,,n,,n,n,n,,,,,,,,,,,,,,,n,,,,,,,
Kashmiri Chili Powder,3808,,,,n,,,,,,,,,n,,,,,,,,,,n,n,n,n,,,,n,,,,,,,,,,,,n,,,,,,,
Chai Tea,5716,,,n,n,,,,,,,,,,,,,,,,,n,,n,,n,n,n,,,,,,,,,,,,,,,,,,,,,,
Whipped Cream,3348,,,n,n,,,,,,,n,,n,,,,n,n,,,n,,,n,,,n,,,,,,,,n,,,,,,n,,n,,,n,n,,
Gluten-Free Bread Crumbs,52375,,,n,n,,,,,,,,,,,,n,n,,,,,,,n,n,,n,,,,,,,,n,,,n,,,n,,,,,n,,,
Prepared Pie Crust,421,,,n,n,,,,,,,n,,n,,n,n,n,n,,,n,n,n,n,n,,n,n,,,,,n,,n,,,,,,n,,n,,,n,n,,n
Panang Curry Paste,165453,,,n,n,,,,,,,,,n,,,,n,,n,,n,n,n,n,n,n,n,,,n,n,,,,n,,,,n,,n,n,n,,,,n,n,
Tulsi Tea,323006,,,,,,,,,,,,,,,,,,,,,,,,,,n,,,,,,,,,,,,,,,,,,,,,,,
Prepared Horseradish,5961,,,n,,,,,,,,,,,,,,,,,,,,n,,n,n,n,,,,,,,,,,,,,,,n,,,,n,,,
Pickled Turnip,30723,,,n,,,,,,n,,,,,,,,n,,,,,,n,n,n,n,n,,,,,,,,,,,n,,,n,,n,,,n,,,
Pappardelle Pasta,2225,,,n,n,,,,,,,,,n,,n,n,n,,,,n,n,n,n,n,,n,,,,,,,,n,,,,,,n,,,,,n,,,n
Croissant,7476,,,n,n,,,,,,,n,,n,,n,n,n,,,,n,n,n,n,n,,n,n,,,,,n,,n,,,,,,n,,,,,n,n,,n
Clams,6703,,,,,,,,,,,,,,,,,,n,,,,,n,,,,,,,,,,,,,,,,n,,,,,,,,n,n,
Plain Coconut Kefir,85206,,,,,,,,,n,,,,,,,,,,,,,,n,,n,n,,,,,,,,,,,,,,,,,,,,,,,
Corned Beef,2689,,,n,,,n,,,,,,,n,,,,,,,,,,n,,,,n,n,,n,,,,,,n,,,,,,,,,,n,n,n,
Muffuletta Salad,152048,,,n,n,,,,,,,,,n,,,,,,,,n,,n,n,n,n,n,,,n,,,n,,n,,,,,,,,,,,n,,,
Mortadella,7062,,,n,,,,,,,,,,,,,,,n,,,,,n,,,,n,n,,,,,,,,n,n,,,,n,,,,,n,n,n,
"Chocolate Milk, Low Fat",3370,,,n,n,,,,,,,n,,n,,,,n,n,,,n,n,n,n,n,,n,n,,,,,,,n,,,,,,n,,n,,,n,n,,
Milk Chocolate Chips,240568,,,n,n,,,,,,,n,,n,,,,n,n,,,n,n,n,n,n,,n,n,,,,,,,n,,,,,,n,,n,,,n,n,,
Burrata,141431,,,n,n,,,,,,,n,,n,,,,,,,,n,,n,n,,,n,,,,,,,,n,,,,,,n,,,,,n,n,,
Focaccia,434,,,n,n,,,,,,,,,n,,n,n,n,,,,n,n,n,n,n,n,n,,,,,,n,,n,,,,,,n,,,,,n,,,n
Pickled Chipotle Peppers,65280,,,n,n,,,,,,,,,n,,,,,,,,n,,n,n,n,n,n,,,n,,,,,n,,,,,,,n,n,,,n,,,
Wasabi Peas,5646,,,n,n,,,,,,,,,n,,n,n,n,,n,,n,n,n,n,n,,n,,,n,,,,,n,,,,,,n,n,,,,n,,,n
Passata,134520,,,,n,,,,,,,,n,n,,,,,,,,n,,n,n,n,n,,,,n,,,,,,,,,,,n,,,n,,,,,
Instant Coffee,4382,,,,n,,,,,,,,,n,,,,,,,,,,,,n,n,n,,,,,,,,,,,,,,,,,,,n,,,
Bulgur,3177,,,n,n,,,,,,,,,n,,n,n,n,,,,n,,,n,,,n,,,,,,,,n,,,,,,n,,,,,,,,n
Panko Bread Crumbs,71326,,,n,n,,,,,,,,,n,,n,n,n,,,,n,n,n,n,n,n,n,n,,,,,,,n,,,,,,n,,n,,,n,,,n
Plain Skyr,52192,,,n,n,,,,,,,n,,n,,,,,n,,,n,,n,n,,,n,,,,,,,,n,,,,,,n,,,,,,n,,
Lo Mein Noodles,58974,,,n,n,,,,,,,,,n,,n,n,n,,,,n,n,n,n,,,n,,,,,,,,n,,,,,,n,,,,,n,,,n
"Prime Rib, Bone-In",3272,,,,,,n,,,,,,,n,,,,,,,,,,,,,,n,n,,,,,,,,n,,,,,,,,,,,n,n,
"Beef Short Ribs, Bone-In",3272,,,,,,n,,,,,,,n,,,,,,,,,,,,,,n,n,,,,,,,,n,,,,,,,,,,,n,n,
Pomegranate Molasses,225293,,,n,n,,,,,,,,,n,n,,,n,,,,n,n,n,n,n,n,n,n,,,,,,,n,,,,,,n,,n,,,n,,,
Gingersnap Cookies,7445,,,n,n,,,,,,,n,,n,,n,n,n,n,,,n,n,n,n,n,,n,n,,,,,n,,n,,,,,n,n,,n,,,n,n,,n
Pickled Jalapeno Pepper,2569,,,n,n,,,,,,,,,n,,,,,,,,,,n,n,n,n,n,,,n,,,,,,,,,,,,n,,,,n,,,
Plain Coconut Kefir Yogurt,85206,,,,,,,,,n,,,,,,,,,,,,,,n,,n,n,,,,,,,,,,,,,,,,,n,,,,,,
Beef Ravioli,225499,n,,n,n,,n,,,,,n,n,n,,n,n,n,n,,,n,n,n,n,n,,n,n,,,,,,,n,n,n,,,,n,,,,,n,n,n,n
Adobo Seasoning,62554,n,,,n,,,,,,,,,,,,,,,,,n,,,,n,n,n,,,,,,,,,,,,,,n,n,,,,,,,
Sweet & Sour Sauce,6555,n,,n,n,,,,,,n,,,n,,,,n,,,,n,n,n,n,n,n,n,n,,n,,,,,n,,,,,,n,,n,n,,n,,,
Cavatappi Pasta,311103,,,n,n,,,,,,,,,n,,n,n,n,,,,n,n,n,n,n,,n,,,,,,,,n,,,,,,n,,,,,n,,,n
Mustard Greens,1745,,,,,,,,,,,,,,,,,,,,,,,,,n,,n,,,,,,,,,,,,,,,,,,,,,,
Vegetable Oil,191173,,,n,n,,,,,,,,,n,,,,,,,,,,n,n,,,,n,,,,,n,,n,,,,,n,n,,,,,n,,,
Stewing Bison,5087,,,n,,,,,,,,,,n,,,,,,,,,,,,,,n,n,,,,,,,,n,,,,,,,,,,,n,n,
Toothpicks,,n,n,n,n,n,n,n,n,n,n,n,n,n,n,n,n,n,n,n,n,n,n,n,n,n,n,n,n,n,n,n,n,n,n,n,n,n,n,n,n,n,n,n,n,n,n,n,n,n
Sesame Ginger Dressing,198288,n,,n,n,n,,,,,,,,n,,n,n,n,,n,,n,n,n,n,n,n,n,n,,,,,n,,n,,,n,,n,n,,n,,,n,,,n
Beef Stick,1339,n,,n,n,,n,,,,,,,n,,,,n,,,,n,,n,,,n,n,n,,,,,,,n,n,,,,,n,,,,,n,n,n,
Tart Shells,7554,,,n,n,,,,,,,n,,n,,n,n,n,n,,,n,n,n,n,n,,n,n,,,,,n,,n,,,,,,n,,n,,,n,n,,n
Mung Beans,6745,,,,n,n,,,,,,,,,,,,n,,n,,n,,,n,n,,n,,,,,,,,n,,,,,,n,,,,n,,,,
Turkey Stick,150173,n,,,n,,,,,,,,,n,,,,,,,,n,,n,,,n,n,n,,n,,,,,,n,,,,,n,,,,n,n,n,n,
Serrano Pepper,1884,,,,n,,,,,,,,,n,,,,,,,,,,,,n,n,,,,n,,,,,,,,,,,,n,,,,,,,
Honey Mustard Dressing,3532,,,n,n,,,,,,,,,n,,,,n,,,,n,n,n,,,n,n,n,,,,,n,,,,,,,,,,n,,,,n,,
Veal Leg Cutlet,5132,,,n,,,n,,,,,,,n,,,,,,,,,,,,,,n,n,,,,,,,,n,,,,,,,,,,,n,n,
Frozen Acai,290419,,,,,,,,,,,,,,n,,,n,,,,n,,,,n,n,,,,,,,,,,,,,,,,,,,,,,,
Mascarpone Cheese,182001,,,n,n,,,,,,,n,,n,,,n,,n,,,n,,n,n,,,n,,n,,,,,,n,,,,,,n,,,,,n,n,,
Frozen Pierogies,110498,n,,n,n,,,,,,,n,n,n,,n,n,n,n,,,n,n,n,n,n,,n,n,,n,,,n,n,n,,,,,,n,,,,,n,n,,n